Timestamps,subclass,x_center,x_length,y_center,y_length,z_center,z_length,z_rotation
1701908614.473487,VRU_Adult_Using_Bicycle,11.428105990091964,0.96,-2.7074805895487533,1.64,-3.2877411047617593,1.65,-83.74806498445943
1701908614.573487,VRU_Adult_Using_Non-Motorized_Device/Prop_Other,13.211514268602656,0.75,-29.01421928405762,0.69,-3.3924091713769093,1.45,-171.5338932786576
1701908614.673487,VRU_Adult_Using_Non-Motorized_Device/Prop_Other,13.206918863149799,0.75,-29.01163365290716,0.69,-3.4654111678783712,1.45,-150.49471908542668
1701908614.7734869,VRU_Adult_Using_Non-Motorized_Device/Prop_Other,13.222690709431975,0.75,-29.02569859822592,0.69,-3.3990367412567144,1.45,172.46121423899882
1701908614.873487,VRU_Adult_Using_Non-Motorized_Device/Prop_Other,13.25139686039517,0.75,-28.974225044250495,0.69,-3.3892882210867747,1.45,156.76190116087398
1701908614.973487,VRU_Adult_Using_Non-Motorized_Device/Prop_Other,13.256128629048673,0.75,-29.009487279256188,0.69,-3.4278929551442463,1.45,-169.4095591746646
1701908615.073487,VRU_Adult_Using_Non-Motorized_Device/Prop_Other,13.250175857543953,0.75,-28.955697123209642,0.69,-3.3917407830556234,1.45,173.58739985145002
1701908615.173487,VRU_Adult_Using_Non-Motorized_Device/Prop_Other,13.279534276326505,0.75,-28.95636990865072,0.69,-3.4231177647908533,1.45,-168.26262019885385
1701908615.973487,VRU_Adult_Using_Non-Motorized_Device/Prop_Other,13.401362125690175,0.75,-28.83047162569487,0.69,-3.4849968506739697,1.45,161.13257661627563
1701908616.473487,VRU_Adult_Using_Non-Motorized_Device/Prop_Other,13.300227101643888,0.75,-28.65482635498047,0.69,-3.4387954552968343,1.45,169.5347959468555
1701908616.7734869,VRU_Adult_Using_Non-Motorized_Device/Prop_Other,13.299890224750234,0.75,-28.625469354482806,0.69,-3.596413117188674,1.45,164.8489604701755
1701908616.873487,VRU_Adult_Using_Non-Motorized_Device/Prop_Other,13.306092330387669,0.75,-28.592930112566275,0.69,-3.5850838082177297,1.45,-172.9772710918904
1701908616.973487,VRU_Adult_Using_Non-Motorized_Device/Prop_Other,13.282883307513078,0.75,-28.57445122213925,0.69,-3.551630553077249,1.45,-152.17278086496165
1701908617.073487,VRU_Adult_Using_Non-Motorized_Device/Prop_Other,13.302881050109875,0.75,-28.51358210245769,0.69,-3.5654885927836104,1.45,175.36728453829411
1701908617.373487,VRU_Adult_Using_Non-Motorized_Device/Prop_Other,13.32870848038618,0.75,-28.42195510864258,0.69,-3.583509024451761,1.45,152.75443370175435
1701908617.473487,VRU_Adult_Using_Non-Motorized_Device/Prop_Other,13.333718844822483,0.75,-28.4068318775722,0.69,-3.5715618644441878,1.45,156.8740698198748
1701908617.573487,VRU_Adult_Using_Non-Motorized_Device/Prop_Other,13.35602194922312,0.75,-28.392175538199297,0.69,-3.615498730114528,1.45,152.6569476862695
1701908618.473487,VRU_Adult_Using_Non-Motorized_Device/Prop_Other,13.303064686911458,0.75,-28.13978004455567,0.69,-3.607702800205776,1.45,173.27761515209696
1701908618.973487,VRU_Adult_Using_Non-Motorized_Device/Prop_Other,13.361285765965789,0.75,-28.001178423563648,0.69,-3.5217851797739663,1.45,115.74695475861948
1701908619.2734869,VRU_Adult_Using_Non-Motorized_Device/Prop_Other,13.304663045065752,0.75,-27.920952251979287,0.69,-3.5384812695639476,1.45,-63.092811642460426
1701908619.473487,VRU_Adult_Using_Non-Motorized_Device/Prop_Other,13.346741104125984,0.75,-27.891641108194996,0.69,-3.6169351895650226,1.45,126.1223205865748
1701908619.573487,VRU_Adult_Using_Non-Motorized_Device/Prop_Other,13.322084784507762,0.75,-27.849450945854194,0.69,-3.5833239406347275,1.45,173.03032100591136
1701908620.173487,VRU_Adult_Using_Non-Motorized_Device/Prop_Other,13.373483300209053,0.75,-27.684500575065623,0.69,-3.5370762795209885,1.45,124.05999028674721
1701908620.473487,VRU_Adult_Using_Non-Motorized_Device/Prop_Other,13.389941978454598,0.75,-27.602851486206063,0.69,-3.5338858286539714,1.45,125.89975021309743
1701908620.573487,VRU_Adult_Using_Non-Motorized_Device/Prop_Other,13.375593185424812,0.75,-27.59105289683623,0.69,-3.6091057833503273,1.45,130.05580946101378
1701908620.673487,VRU_Adult_Using_Non-Motorized_Device/Prop_Other,13.334171983930807,0.75,-27.57021586100261,0.69,-3.6245974037382345,1.45,126.81481468553994
1701908620.7734869,VRU_Adult_Using_Non-Motorized_Device/Prop_Other,13.34761035442353,0.75,-27.54762554168702,0.69,-3.5890453159809113,1.45,121.6352721223893
1701908620.873487,VRU_Adult_Using_Non-Motorized_Device/Prop_Other,13.3219132172434,0.75,-27.5138447410182,0.69,-3.5839141293575896,1.45,149.250029955325
1701908620.973487,VRU_Adult_Using_Non-Motorized_Device/Prop_Other,13.326955848270003,0.75,-27.484338760375987,0.69,-3.5841996802224054,1.45,136.8672381071094
1701908622.073487,VRU_Adult_Using_Non-Motorized_Device/Prop_Other,13.206070772806811,0.75,-27.132586415608728,0.69,-3.598413372039795,1.45,152.92309347557054
1701908623.473487,VRU_Adult_Using_Non-Motorized_Device/Prop_Other,13.171445655822762,0.75,-26.776657104492195,0.69,-3.587532663345337,1.45,152.543564752479
1701908623.573487,VRU_Adult_Using_Non-Motorized_Device/Prop_Other,13.147465254131122,0.75,-26.756532769454157,0.69,-3.6013019210413884,1.45,164.03564621346058
1701908623.673487,VRU_Adult_Using_Non-Motorized_Device/Prop_Other,13.149160839262468,0.75,-26.724796658470524,0.69,-3.5923694428943453,1.45,164.71284386153488
1701908624.573487,VRU_Adult_Using_Bicycle,11.424077351888025,0.96,-2.696628491083787,1.64,-3.2859439849853516,1.65,-91.53103283780504
1701908624.973487,VRU_Adult_Using_Non-Motorized_Device/Prop_Other,13.19452629089356,0.75,-26.265510253906253,0.69,-3.5732430362701417,1.45,-169.10587689427084
1701908625.073487,VRU_Adult_Using_Non-Motorized_Device/Prop_Other,13.204056739807132,0.75,-26.25957085536077,0.69,-3.546093353858361,1.45,176.8385925093465
1701908625.173487,VRU_Adult_Using_Non-Motorized_Device/Prop_Other,13.22675468808129,0.75,-26.22309793744769,0.69,-3.523429109936669,1.45,176.9674328162756
1701908625.2734869,VRU_Adult_Using_Non-Motorized_Device/Prop_Other,13.256631056467697,0.75,-26.224945942560836,0.69,-3.562788893779119,1.45,176.1356430504753
1701908625.373487,VRU_Adult_Using_Non-Motorized_Device/Prop_Other,13.276084596460521,0.75,-26.195995244112886,0.69,-3.507222739132968,1.45,167.64473478655427
1701908625.473487,VRU_Adult_Using_Non-Motorized_Device/Prop_Other,13.28828247070313,0.75,-26.19515258789063,0.69,-3.519641075134278,1.45,177.121510785061
1701908625.573487,VRU_Adult_Using_Non-Motorized_Device/Prop_Other,13.266837215423589,0.75,-26.168963146209723,0.69,-3.4870408296585085,1.45,-15.53295734600649
1701908625.673487,VRU_Adult_Using_Non-Motorized_Device/Prop_Other,13.270155559886591,0.75,-26.160853732715964,0.69,-3.5137628533623437,1.45,167.2072996430898
1701908625.7734869,VRU_Adult_Using_Non-Motorized_Device/Prop_Other,13.26748355229696,0.75,-26.134330670038864,0.69,-3.536619504292806,1.45,164.19626730469358
1701908625.973487,VRU_Adult_Using_Non-Motorized_Device/Prop_Other,13.246309776306157,0.75,-26.087472763061527,0.69,-3.558945779800415,1.45,153.76370675031905
1701908626.073487,VRU_Adult_Using_Non-Motorized_Device/Prop_Other,13.240927903548537,0.75,-26.05264224176822,0.69,-3.5940064450968867,1.45,147.60748424378355
1701908626.173487,VRU_Adult_Using_Non-Motorized_Device/Prop_Other,13.219965934753423,0.75,-26.026384021924894,0.69,-3.523980783379596,1.45,3.212924537857782
1701908626.2734869,VRU_Adult_Using_Non-Motorized_Device/Prop_Other,13.227508635748006,0.75,-25.995695386614123,0.69,-3.5269076597122924,1.45,169.67688546181063
1701908626.473487,VRU_Adult_Using_Non-Motorized_Device/Prop_Other,13.243985798047941,0.75,-25.949974972268816,0.69,-3.560944837072621,1.45,-171.313273988611
1701908626.573487,VRU_Adult_Using_Non-Motorized_Device/Prop_Other,13.240269184112554,0.75,-25.910036484400436,0.69,-3.577745308478674,1.45,178.76638903470015
1701908626.673487,VRU_Adult_Using_Non-Motorized_Device/Prop_Other,13.23646043476306,0.75,-25.860060340479805,0.69,-3.6029251123729504,1.45,-11.605061980613375
1701908628.673487,Passenger_Vehicle,9.944390614827478,2.6,29.57436243693033,5.08,-4.552793184916177,1.85,142.678358973696
1701908628.673487,VRU_Adult_Using_Non-Motorized_Device/Prop_Other,13.20581714312236,0.75,-25.220402717590336,0.69,-3.4816235105196633,1.45,176.9236432336598
1701908628.7734869,VRU_Adult_Using_Non-Motorized_Device/Prop_Other,13.22020088542592,0.75,-25.190427086570057,0.69,-3.493673552166332,1.45,-169.84326544677631
1701908628.873487,VRU_Adult_Using_Non-Motorized_Device/Prop_Other,13.232744299847152,0.75,-25.153552179751195,0.69,-3.541241096413654,1.45,-158.57040662469785
1701908628.973487,VRU_Adult_Using_Non-Motorized_Device/Prop_Other,13.257470434362244,0.75,-25.136655027216136,0.69,-3.5848273147236216,1.45,-148.4737079766048
1701908629.073487,VRU_Adult_Using_Non-Motorized_Device/Prop_Other,13.230508844057724,0.75,-25.113175312678024,0.69,-3.547692467768987,1.45,-154.3663358901397
1701908629.173487,VRU_Adult_Using_Non-Motorized_Device/Prop_Other,13.255671252375066,0.75,-25.08285862466564,0.69,-3.5431948952052905,1.45,-126.99278838162289
1701908629.2734869,VRU_Adult_Using_Non-Motorized_Device/Prop_Other,13.258789221445724,0.75,-25.029155969619755,0.69,-3.541149894396464,1.45,-127.8137188875177
1701908629.373487,VRU_Adult_Using_Non-Motorized_Device/Prop_Other,13.280870715777084,0.75,-24.997021834055587,0.69,-3.5075310568014775,1.45,115.56667950213705
1701908629.473487,VRU_Adult_Using_Non-Motorized_Device/Prop_Other,13.2926760673523,0.75,-24.958413219451906,0.69,-3.470783054828644,1.45,141.108576155412
1701908629.573487,VRU_Adult_Using_Non-Motorized_Device/Prop_Other,13.284968376159675,0.75,-24.919717152913414,0.69,-3.439639170964559,1.45,-70.8747469195171
1701908629.673487,VRU_Adult_Using_Non-Motorized_Device/Prop_Other,13.293075214732783,0.75,-24.856695088473238,0.69,-3.4740959622643213,1.45,133.37081407998252
1701908629.7734869,VRU_Adult_Using_Non-Motorized_Device/Prop_Other,13.284710710698914,0.75,-24.850212617353964,0.69,-3.4920569549907343,1.45,126.44383575094736
1701908629.7734869,Passenger_Vehicle,38.60255813598633,2.6,-42.92495632171631,5.08,-2.5162346512079226,1.85,79.41508186884973
1701908629.873487,VRU_Adult_Using_Bicycle,11.23151531219483,0.96,-3.0305506706237866,1.64,-3.280600309371949,1.65,55.01705057239342
1701908629.873487,VRU_Adult_Using_Non-Motorized_Device/Prop_Other,13.286062240600591,0.75,-24.804543868355132,0.69,-3.515998021416043,1.45,133.16950748232392
1701908629.973487,VRU_Adult_Using_Non-Motorized_Device/Prop_Other,13.279218723899445,0.75,-24.76050868787264,0.69,-3.4622026744641756,1.45,154.40400407891147
1701908629.973487,VRU_Adult_Using_Bicycle,11.150247891743986,0.96,-3.180336872736619,1.64,-3.3060986200968423,1.65,-95.57871038894737
1701908630.073487,VRU_Adult_Using_Non-Motorized_Device/Prop_Other,13.292730201374406,0.75,-24.71633182872426,0.69,-3.484202514995228,1.45,172.57402810552952
1701908630.073487,VRU_Adult_Using_Bicycle,10.870433171590177,0.96,-3.6810593605041575,1.64,-3.7120155493418374,1.65,-116.28628310133834
1701908630.173487,VRU_Adult_Using_Non-Motorized_Device/Prop_Other,13.293444135914683,0.75,-24.698521821395214,0.69,-3.4851330777873164,1.45,-173.26160579630266
1701908630.2734869,VRU_Adult_Using_Non-Motorized_Device/Prop_Other,13.300229362819511,0.75,-24.67409075861392,0.69,-3.4825751366822617,1.45,-158.40606419004118
1701908630.2734869,VRU_Adult_Using_Bicycle,10.752382914225265,0.96,-3.8050102392832508,1.64,-3.7601186434427896,1.65,-113.15817640061434
1701908630.373487,VRU_Adult_Using_Non-Motorized_Device/Prop_Other,13.311577406796546,0.75,-24.62094133550471,0.69,-3.4589243043552753,1.45,-132.83520253610922
1701908630.473487,VRU_Adult_Using_Non-Motorized_Device/Prop_Other,13.338182131449386,0.75,-24.582639421735497,0.69,-3.4662585712614513,1.45,-129.25097105739863
1701908630.573487,VRU_Adult_Using_Non-Motorized_Device/Prop_Other,13.391830329895024,0.75,-24.553120574951176,0.69,-3.472937726974487,1.45,-151.6478279031464
1701908630.673487,VRU_Adult_Using_Non-Motorized_Device/Prop_Other,13.389761400222785,0.75,-24.493143939971926,0.69,-3.4036352157592775,1.45,141.14465661753067
1701908630.7734869,VRU_Adult_Using_Non-Motorized_Device/Prop_Other,13.390975701181517,0.75,-24.476100118536703,0.69,-3.4097171206223336,1.45,-20.94858256584056
1701908630.873487,VRU_Adult_Using_Non-Motorized_Device/Prop_Other,13.397800082252145,0.75,-24.42707579476493,0.69,-3.319775660832723,1.45,-172.09420723673247
1701908630.873487,VRU_Adult_Using_Bicycle,9.973820495605475,0.96,-5.108163356781012,1.64,-3.891342210769654,1.65,-122.38767529377006
1701908630.973487,VRU_Adult_Using_Non-Motorized_Device/Prop_Other,13.41272813623602,0.75,-24.43227525190874,0.69,-3.427819186990911,1.45,149.67150516532828
1701908631.073487,VRU_Adult_Using_Non-Motorized_Device/Prop_Other,13.353709638118751,0.75,-24.364838957786564,0.69,-3.344471260905266,1.45,-171.85712582435943
1701908631.173487,VRU_Adult_Using_Non-Motorized_Device/Prop_Other,13.371246393989122,0.75,-24.30770874023438,0.69,-3.3542669520658603,1.45,59.50983151365509
1701908631.2734869,VRU_Adult_Using_Non-Motorized_Device/Prop_Other,13.32786655426026,0.75,-24.244817988077802,0.69,-3.3036365350087484,1.45,-127.57080718458042
1701908631.373487,VRU_Adult_Using_Non-Motorized_Device/Prop_Other,13.318365216255195,0.75,-24.241064310073856,0.69,-3.304054409265518,1.45,11.45723733485308
1701908631.473487,VRU_Adult_Using_Non-Motorized_Device/Prop_Other,13.347699165344245,0.75,-24.21344600004309,0.69,-3.310802291421329,1.45,-133.93093904590833
1701908631.573487,VRU_Adult_Using_Non-Motorized_Device/Prop_Other,13.375274022420252,0.75,-24.162678718566898,0.69,-3.3324447472890224,1.45,-128.0332746721523
1701908631.673487,VRU_Adult_Using_Non-Motorized_Device/Prop_Other,13.377998576444744,0.75,-24.111728331621958,0.69,-3.31699434448691,1.45,-119.75808859944584
1701908631.7734869,VRU_Adult_Using_Non-Motorized_Device/Prop_Other,13.408674812316901,0.75,-24.0888469696045,0.69,-3.3139483451843263,1.45,71.18754917162646
1701908631.873487,VRU_Adult_Using_Non-Motorized_Device/Prop_Other,13.416135787963874,0.75,-24.046545028686527,0.69,-3.2989198320052204,1.45,-134.23650972161403
1701908631.973487,VRU_Adult_Using_Non-Motorized_Device/Prop_Other,13.48357206980388,0.75,-24.013651275634775,0.69,-3.3186286608378093,1.45,88.45856309616443
1701908632.073487,VRU_Adult_Using_Non-Motorized_Device/Prop_Other,13.464807962116447,0.75,-24.0160833659925,0.69,-3.2777549844039116,1.45,-160.54804086709308
1701908632.173487,VRU_Adult_Using_Non-Motorized_Device/Prop_Other,13.466688324423403,0.75,-23.974937214570893,0.69,-3.278917691286873,1.45,56.584060328978694
1701908632.2734869,VRU_Adult_Using_Non-Motorized_Device/Prop_Other,13.420004971822111,0.75,-23.994569269816086,0.69,-3.3384779930114745,1.45,49.371294275162654
1701908632.373487,VRU_Adult_Using_Non-Motorized_Device/Prop_Other,13.44590663909913,0.75,-23.95092923300607,0.69,-3.32310380254473,1.45,129.47619747354454
1701908632.473487,VRU_Adult_Using_Non-Motorized_Device/Prop_Other,13.419105410575874,0.75,-23.907324075698856,0.69,-3.269717425107956,1.45,81.82549404752778
1701908632.573487,VRU_Adult_Using_Non-Motorized_Device/Prop_Other,13.41529814402263,0.75,-23.87935892740886,0.69,-3.344798505306244,1.45,71.27063036193418
1701908632.673487,VRU_Adult_Using_Bicycle,7.503770134665756,0.96,-9.471516262401245,1.64,-3.6432241526517,1.65,56.13513770684048
1701908632.673487,VRU_Adult_Using_Non-Motorized_Device/Prop_Other,13.361556231975563,0.75,-23.840460896492008,0.69,-3.2542054355144505,1.45,-154.6167852801813
1701908632.7734869,VRU_Adult_Using_Non-Motorized_Device/Prop_Other,13.334363810221362,0.75,-23.82761408487956,0.69,-3.2664954980214436,1.45,-155.7156811717417
1701908632.873487,VRU_Adult_Using_Non-Motorized_Device/Prop_Other,13.323893410818926,0.75,-23.840165683201384,0.69,-3.2955691984721596,1.45,-142.07477708179758
1701908632.973487,VRU_Adult_Using_Non-Motorized_Device/Prop_Other,13.321173259190159,0.75,-23.78502982003349,0.69,-3.3778862101691116,1.45,-122.58232906404183
1701908632.973487,VRU_Adult_Using_Bicycle,7.1454620361328205,0.96,-10.068881511688241,1.64,-4.019368290901185,1.65,-116.9276144793123
1701908633.073487,VRU_Adult_Using_Non-Motorized_Device/Prop_Other,13.358180795397086,0.75,-23.77808707101005,0.69,-3.3648165294102266,1.45,-155.9470557785517
1701908633.173487,VRU_Adult_Using_Non-Motorized_Device/Prop_Other,13.36717993872507,0.75,-23.70413657597134,0.69,-3.3260581152779713,1.45,-112.00527626104764
1701908633.673487,Passenger_Vehicle,15.217546145121258,2.6,-2.5614913781484034,5.08,-3.5648734092712404,1.85,70.30260912620679
1701908633.7734869,Passenger_Vehicle,15.316041851043703,2.6,-2.6458092570304936,5.08,-3.54345623254776,1.85,83.50639417119771
1701908633.873487,Passenger_Vehicle,15.234374046325687,2.6,-2.8146035075187754,5.08,-3.5250757813453673,1.85,91.26591612118497
1701908633.973487,Passenger_Vehicle,15.29439715544383,2.6,-2.757969180742906,5.08,-3.492699603239695,1.85,100.45506464839549
1701908634.073487,Passenger_Vehicle,15.366138741776753,2.6,-2.9416895879281575,5.08,-3.5442780352927543,1.85,77.92549603877133
1701908634.173487,Passenger_Vehicle,15.463716288975311,2.6,-3.002744119507932,5.08,-3.529042455128261,1.85,85.42478514249942
1701908634.2734869,Passenger_Vehicle,15.320035032323892,2.6,-3.0102803948763306,5.08,-3.517415323772947,1.85,94.25233362053167
1701908634.373487,VRU_Adult_Using_Non-Motorized_Device/Prop_Other,13.269425664629262,0.75,-23.335113525390632,0.69,-3.5849468367440367,1.45,-21.209292044125252
1701908634.373487,Passenger_Vehicle,15.323061646355525,2.6,-3.2041904158062438,5.08,-3.5286889288160537,1.85,92.54157249136769
1701908634.473487,VRU_Adult_Using_Non-Motorized_Device/Prop_Other,13.23211461305619,0.75,-23.310551881790165,0.69,-3.4251221120357513,1.45,171.01652017832367
1701908634.473487,Passenger_Vehicle,15.281501723498836,2.6,-3.167173083235583,5.08,-3.497492220343613,1.85,93.49742793065
1701908634.573487,VRU_Adult_Using_Non-Motorized_Device/Prop_Other,13.222192128499357,0.75,-23.26828371683757,0.69,-3.5332584222157797,1.45,-52.55612565720222
1701908634.573487,Passenger_Vehicle,15.329292119935504,2.6,-3.4201778256615967,5.08,-3.548773244369862,1.85,89.02458995686898
1701908634.673487,VRU_Adult_Using_Non-Motorized_Device/Prop_Other,13.207631921768193,0.75,-23.2496527671814,0.69,-3.427262616157532,1.45,166.77858010945113
1701908634.673487,Passenger_Vehicle,15.321083133870907,2.6,-3.545595193451106,5.08,-3.509701582518491,1.85,88.13743918821707
1701908634.7734869,VRU_Adult_Using_Non-Motorized_Device/Prop_Other,13.233271853129077,0.75,-23.242859776814786,0.69,-3.54620312054952,1.45,97.69068094089731
1701908634.7734869,Passenger_Vehicle,15.318939481462754,2.6,-3.3588349734033907,5.08,-3.4358179171880088,1.85,88.226270232703
1701908634.873487,Passenger_Vehicle,15.247938318455475,2.6,-3.53919895912739,5.08,-3.498196221412497,1.85,83.11268199640172
1701908634.973487,Passenger_Vehicle,15.369099794432177,2.6,-3.6508408258127645,5.08,-3.5333794882131175,1.85,88.7712115871845
1701908635.073487,Passenger_Vehicle,15.184286582164278,2.6,-3.6350898956641218,5.08,-3.451898593168992,1.85,83.28950640088586
1701908635.173487,Passenger_Vehicle,15.242691863666881,2.6,-3.783709274096927,5.08,-3.497376875443892,1.85,83.38013391626632
1701908635.2734869,Passenger_Vehicle,15.138442754745485,2.6,-3.9132135386268327,5.08,-3.4392293045918145,1.85,86.8042854328435
1701908635.373487,Passenger_Vehicle,15.160419400533042,2.6,-4.170969475640195,5.08,-3.4801128493414986,1.85,82.06457801996726
1701908635.473487,Passenger_Vehicle,15.172041776228927,2.6,-4.119271232157341,5.08,-3.4671497734225527,1.85,83.06350472282074
1701908635.573487,Passenger_Vehicle,15.085627158482872,2.6,-4.357185090581579,5.08,-3.4012283980846405,1.85,85.43612035261889
1701908635.673487,Passenger_Vehicle,15.051427354203897,2.6,-4.491388762250863,5.08,-3.424083486516425,1.85,83.14634780215601
1701908635.7734869,Passenger_Vehicle,15.108549694220228,2.6,-4.588590234518054,5.08,-3.4484931429227195,1.85,82.9475756332538
1701908635.873487,Passenger_Vehicle,15.006218180936928,2.6,-4.981384497062836,5.08,-3.5141508439007927,1.85,80.84266476293838
1701908635.973487,Passenger_Vehicle,15.061337182688161,2.6,-5.215447714162431,5.08,-3.5457343334375424,1.85,79.14610422934396
1701908636.073487,Passenger_Vehicle,14.829105661270468,2.6,-5.301770068229517,5.08,-3.6023564135774655,1.85,81.97508773774027
1701908636.173487,Passenger_Vehicle,14.971665834125721,2.6,-5.33693669553389,5.08,-3.577337624733908,1.85,75.83407617902543
1701908636.2734869,Passenger_Vehicle,14.912079285602182,2.6,-5.32996807779585,5.08,-3.5482745365220674,1.85,-102.67845171928892
1701908636.373487,Passenger_Vehicle,14.872627987581144,2.6,-5.388169620551318,5.08,-3.617990727518119,1.85,-101.33278536688226
1701908636.473487,Passenger_Vehicle,14.634327133496605,2.6,-5.493129655718807,5.08,-3.6398437470197678,1.85,-104.75756766115472
1701908636.573487,Passenger_Vehicle,14.583164283207488,2.6,-5.471461398260937,5.08,-3.548386602174668,1.85,-104.14895145013006
1701908636.673487,Passenger_Vehicle,14.390389594164764,2.6,-6.018183480609551,5.08,-3.600183806636117,1.85,-106.92985091188297
1701908636.7734869,Passenger_Vehicle,14.178242171682966,2.6,-6.414261248053577,5.08,-3.521414774220165,1.85,-106.48993883689334
1701908636.873487,Passenger_Vehicle,13.855600070953372,2.6,-6.557452821731571,5.08,-3.4860044717788696,1.85,-113.51601851644955
1701908636.973487,Passenger_Vehicle,13.763353098006478,2.6,-6.673060587474282,5.08,-3.545894497916812,1.85,-114.96544081235706
1701908637.073487,Passenger_Vehicle,13.40641870952788,2.6,-7.120454708735152,5.08,-3.544503064382644,1.85,60.36601917257808
1701908637.173487,Passenger_Vehicle,13.284681807173062,2.6,-7.29004799051488,5.08,-3.5950112292107117,1.85,-122.21575624406424
1701908637.2734869,Passenger_Vehicle,13.15289488705722,2.6,-7.33511275594885,5.08,-3.5342454205859792,1.85,-122.44684167121483
1701908637.373487,Passenger_Vehicle,13.224626610918746,2.6,-7.489092280225059,5.08,-3.6050114224596723,1.85,-122.58890306619108
1701908637.473487,VRU_Adult_Using_Non-Motorized_Device/Prop_Other,12.954544792175298,0.75,-22.15748123168946,0.69,-3.5282536125183106,1.45,-112.64786600785945
1701908637.473487,Passenger_Vehicle,12.985384193626611,2.6,-7.7730829651291335,5.08,-3.543913564166507,1.85,-123.68837213779358
1701908637.573487,VRU_Adult_Using_Non-Motorized_Device/Prop_Other,12.93888413906098,0.75,-22.130012671152755,0.69,-3.5391439398129787,1.45,90.4376473488856
1701908637.573487,Passenger_Vehicle,13.036562465486075,2.6,-7.681523675010322,5.08,-3.6474936576116654,1.85,-123.21342949706516
1701908637.673487,VRU_Adult_Using_Non-Motorized_Device/Prop_Other,12.937136014302574,0.75,-22.088156620661422,0.69,-3.50691556930542,1.45,87.66887800967268
1701908637.673487,Passenger_Vehicle,12.675138963235394,2.6,-8.042482530748526,5.08,-3.601085804604195,1.85,-122.67990060362527
1701908637.7734869,VRU_Adult_Using_Non-Motorized_Device/Prop_Other,12.901678860187538,0.75,-22.06573712825776,0.69,-3.6008749306201935,1.45,37.5755183497968
1701908637.7734869,Passenger_Vehicle,12.469869788487754,2.6,-8.465742031733196,5.08,-3.3908889214197795,1.85,-124.89484520097147
1701908637.873487,Passenger_Vehicle,12.175507934726017,2.6,-8.766802476376906,5.08,-3.365930649698997,1.85,-127.70281271762926
1701908637.973487,Passenger_Vehicle,11.905353770536538,2.6,-8.73078158322503,5.08,-3.4069318701239193,1.85,-130.10204036095743
1701908638.073487,Passenger_Vehicle,11.585993869884597,2.6,-8.8112740001163,5.08,-3.6561263960760995,1.85,-138.03651772321177
1701908638.173487,Passenger_Vehicle,11.17725327809652,2.6,-8.991960970560713,5.08,-3.617628534634908,1.85,-130.1655734496566
1701908638.2734869,Passenger_Vehicle,10.667958683437776,2.6,-9.0752422368085,5.08,-3.547738137068572,1.85,-124.37315172612256
1701908638.373487,Passenger_Vehicle,3.738261875898946,2.6,-12.073181691377062,5.08,-3.502219283062478,1.85,89.00023815184147
1701908638.373487,Passenger_Vehicle,10.370535695875017,2.6,-9.508592863340638,5.08,-3.7746015239406274,1.85,-126.71716486639085
1701908638.473487,Passenger_Vehicle,10.352040206684789,2.6,-9.476711048799405,5.08,-3.8103811881121477,1.85,-111.75183096792298
1701908638.573487,VRU_Adult_Using_Non-Motorized_Device/Prop_Other,12.862688498063527,0.75,-21.77123026414351,0.69,-3.5606895901940088,1.45,-44.255063945208164
1701908638.573487,Passenger_Vehicle,9.752950653433803,2.6,-9.673318505287174,5.08,-3.8944694101810455,1.85,-137.71542057467403
1701908638.673487,VRU_Adult_Using_Non-Motorized_Device/Prop_Other,12.84484407636855,0.75,-21.754574351840553,0.69,-3.5701161887910637,1.45,115.94689614160481
1701908638.673487,Passenger_Vehicle,9.242505348645727,2.6,-9.789757691896883,5.08,-3.8864159125548148,1.85,-132.93162996100708
1701908638.7734869,VRU_Adult_Using_Non-Motorized_Device/Prop_Other,12.801859905845246,0.75,-21.70127828497636,0.69,-3.4910677734174227,1.45,-32.56977642438148
1701908638.7734869,Passenger_Vehicle,8.323758006095893,2.6,-10.301491022109992,5.08,-3.6427133828401566,1.85,36.39194262343294
1701908638.873487,VRU_Adult_Using_Non-Motorized_Device/Prop_Other,12.826441383361821,0.75,-21.659862327575688,0.69,-3.5763288140296936,1.45,134.6293670780491
1701908638.873487,Passenger_Vehicle,8.06652785885719,2.6,-10.520378666539349,5.08,-3.757412995061567,1.85,-141.72095178019583
1701908638.973487,VRU_Adult_Using_Non-Motorized_Device/Prop_Other,12.812442129308533,0.75,-21.617010116577152,0.69,-3.5955366763201626,1.45,-103.73664316999015
1701908638.973487,Passenger_Vehicle,8.043705976926372,2.6,-10.270482796889091,5.08,-3.735455586360051,1.85,-133.05252900349817
1701908639.073487,VRU_Adult_Using_Non-Motorized_Device/Prop_Other,12.765192372458328,0.75,-21.556276457650323,0.69,-3.5911973544529507,1.45,27.59919879973265
1701908639.073487,Passenger_Vehicle,7.4248110126046605,2.6,-10.251025424284094,5.08,-3.786610953948077,1.85,-116.3964551017742
1701908639.173487,VRU_Adult_Using_Non-Motorized_Device/Prop_Other,12.803734355502668,0.75,-21.544709311591262,0.69,-3.5644728210237293,1.45,-111.7137967323439
1701908639.173487,Passenger_Vehicle,7.315067699977338,2.6,-10.321068445841478,5.08,-3.9347401005881175,1.85,77.72610188438018
1701908639.2734869,VRU_Adult_Using_Non-Motorized_Device/Prop_Other,12.79027342796326,0.75,-21.47753477096558,0.69,-3.521523094177246,1.45,-108.83932442690573
1701908639.2734869,Passenger_Vehicle,6.751101970672614,2.6,-10.350162722847683,5.08,-4.083433443849737,1.85,-109.65640452901243
1701908639.373487,VRU_Adult_Using_Non-Motorized_Device/Prop_Other,12.777368433335255,0.75,-21.431922463809748,0.69,-3.5912290741415585,1.45,66.60376301091071
1701908639.973487,VRU_Adult_Using_Non-Motorized_Device/Prop_Other,12.640169843037931,0.75,-21.13354568481446,0.69,-3.5399827957153325,1.45,-26.280603251591835
1701908640.073487,VRU_Adult_Using_Non-Motorized_Device/Prop_Other,12.655779587595092,0.75,-21.075190092387956,0.69,-3.5237709723020854,1.45,-171.2861545358329
1701908640.173487,VRU_Adult_Using_Non-Motorized_Device/Prop_Other,12.638401884781693,0.75,-21.04183839496814,0.69,-3.6398503152947685,1.45,-114.66750716318901
1701908640.2734869,VRU_Adult_Using_Non-Motorized_Device/Prop_Other,12.601788520812994,0.75,-20.943064190092546,0.69,-3.5341064362298873,1.45,-89.15974129875218
1701908640.373487,VRU_Adult_Using_Non-Motorized_Device/Prop_Other,12.609639043393349,0.75,-20.907094789587937,0.69,-3.555289351421854,1.45,-89.02301641854302
1701908640.473487,VRU_Adult_Using_Non-Motorized_Device/Prop_Other,12.583119465754589,0.75,-20.912655903742866,0.69,-3.691431375650259,1.45,67.11335021437584
1701908640.573487,VRU_Adult_Using_Non-Motorized_Device/Prop_Other,12.580226353236613,0.75,-20.80308028629849,0.69,-3.5872508287429814,1.45,-130.8992667364853
1701908640.673487,VRU_Adult_Using_Non-Motorized_Device/Prop_Other,12.561990601675857,0.75,-20.708816937037884,0.69,-3.5219458682196483,1.45,-0.7744490069010563
1701908640.7734869,VRU_Adult_Using_Non-Motorized_Device/Prop_Other,12.556277188387787,0.75,-20.682264154607605,0.69,-3.562665332447399,1.45,167.3887833916083
1701908640.873487,VRU_Adult_Using_Non-Motorized_Device/Prop_Other,12.535659207238098,0.75,-20.645162794325092,0.69,-3.5032910505930586,1.45,171.3882239635223
1701908640.973487,VRU_Adult_Using_Non-Motorized_Device/Prop_Other,12.518286959330247,0.75,-20.623550669352216,0.69,-3.458256928126018,1.45,147.84004020328493
1701908641.173487,VRU_Adult_Using_Non-Motorized_Device/Prop_Other,12.400653157915395,0.75,-20.536621502467572,0.69,-3.595931274550302,1.45,156.35356162096994
1701908641.2734869,VRU_Adult_Using_Non-Motorized_Device/Prop_Other,12.333563168843595,0.75,-20.4867727915446,0.69,-3.497411823272705,1.45,165.44654155677054
1701908641.373487,VRU_Adult_Using_Non-Motorized_Device/Prop_Other,12.309467434883125,0.75,-20.468645811080936,0.69,-3.5229437500238423,1.45,168.86162365193906
1701908641.473487,VRU_Adult_Using_Non-Motorized_Device/Prop_Other,12.272923405965177,0.75,-20.43006718953451,0.69,-3.4459357420603434,1.45,166.0951074876494
1701908641.573487,VRU_Adult_Using_Non-Motorized_Device/Prop_Other,12.212105530958919,0.75,-20.341798488910392,0.69,-3.4394263304196877,1.45,154.6926758444403
1701908641.673487,VRU_Adult_Using_Non-Motorized_Device/Prop_Other,12.235389777592259,0.75,-20.28821073259627,0.69,-3.4850790500640874,1.45,161.83463405985066
1701908641.873487,VRU_Adult_Using_Non-Motorized_Device/Prop_Other,12.17310013089862,0.75,-20.19315392630441,0.69,-3.462523783956255,1.45,155.47327252066125
1701908641.973487,VRU_Adult_Using_Non-Motorized_Device/Prop_Other,12.156462097167973,0.75,-20.146270624796557,0.69,-3.4731400489807127,1.45,172.6999257628585
1701908642.073487,VRU_Adult_Using_Non-Motorized_Device/Prop_Other,12.125693766276049,0.75,-20.118880462646487,0.69,-3.4298365910847983,1.45,156.96502361498682
1701908642.473487,VRU_Adult_Using_Non-Motorized_Device/Prop_Other,11.93511229753495,0.75,-19.995955586433418,0.69,-3.4746259897947316,1.45,153.13930298849766
1701908642.573487,VRU_Adult_Using_Non-Motorized_Device/Prop_Other,11.918929100036628,0.75,-19.95234005267804,0.69,-3.504808095785288,1.45,172.91889357647543
1701908642.673487,VRU_Adult_Using_Non-Motorized_Device/Prop_Other,11.8377400080363,0.75,-19.903085199991867,0.69,-3.512589359283447,1.45,166.97883866425872
1701908642.7734869,VRU_Adult_Using_Non-Motorized_Device/Prop_Other,11.843907628740592,0.75,-19.8952351978847,0.69,-3.466781258583069,1.45,176.27740826310122
1701908643.673487,VRU_Adult_Using_Non-Motorized_Device/Prop_Other,11.48272734421951,0.75,-19.541730734018184,0.69,-3.5321746972891,1.45,104.33096684846736
1701908643.7734869,VRU_Adult_Using_Non-Motorized_Device/Prop_Other,11.408090759726138,0.75,-19.412309310015516,0.69,-3.563981897690717,1.45,108.22506417812188
1701908643.873487,VRU_Adult_Using_Non-Motorized_Device/Prop_Other,11.380728022257495,0.75,-19.38749440511069,0.69,-3.563710673650106,1.45,124.25082679784677
1701908643.973487,VRU_Adult_Using_Non-Motorized_Device/Prop_Other,11.388042926788339,0.75,-19.336502393086757,0.69,-3.5887889663378396,1.45,115.62534586976855
1701908644.473487,VRU_Adult_Using_Non-Motorized_Device/Prop_Other,11.208279976477996,0.75,-19.057772856492267,0.69,-3.5634100070366492,1.45,112.65738359117661
1701908644.573487,VRU_Adult_Using_Non-Motorized_Device/Prop_Other,11.122635602951059,0.75,-18.985345363616947,0.69,-3.5676688849926,1.45,127.90158632414037
1701908644.673487,VRU_Adult_Using_Non-Motorized_Device/Prop_Other,11.10692860529974,0.75,-18.975713729858402,0.69,-3.561592413828923,1.45,149.8150593870402
1701908645.2734869,VRU_Adult_Using_Non-Motorized_Device/Prop_Other,10.984768358866381,0.75,-18.676320521036793,0.69,-3.502016719182332,1.45,163.20364001873065
1701908645.373487,VRU_Adult_Using_Non-Motorized_Device/Prop_Other,10.958037503560389,0.75,-18.631313832600917,0.69,-3.540637906392415,1.45,-14.850549219341861
1701908645.473487,VRU_Adult_Using_Non-Motorized_Device/Prop_Other,10.962169329325365,0.75,-18.59102452596029,0.69,-3.557076009114583,1.45,-22.593958812328964
1701908645.673487,VRU_Adult_Using_Non-Motorized_Device/Prop_Other,10.956653799329493,0.75,-18.551179340907513,0.69,-3.502414873668126,1.45,147.27599859936015
1701908645.7734869,VRU_Adult_Using_Non-Motorized_Device/Prop_Other,10.997896138359524,0.75,-18.452496360330024,0.69,-3.5049921204062073,1.45,149.39418047394855
1701908645.873487,VRU_Adult_Using_Non-Motorized_Device/Prop_Other,10.979120953877775,0.75,-18.42916107177735,0.69,-3.5265382289886475,1.45,137.88786445879495
1701908645.973487,VRU_Adult_Using_Non-Motorized_Device/Prop_Other,10.964146834153402,0.75,-18.399830011221084,0.69,-3.495782888852633,1.45,155.1530311266813
1701908646.073487,VRU_Adult_Using_Non-Motorized_Device/Prop_Other,11.00168909345355,0.75,-18.346053804670067,0.69,-3.502585700580052,1.45,150.07714558523017
1701908646.173487,VRU_Adult_Using_Non-Motorized_Device/Prop_Other,11.020877031179584,0.75,-18.343382028433,0.69,-3.544758466573862,1.45,141.61341495983788
1701908646.2734869,VRU_Adult_Using_Non-Motorized_Device/Prop_Other,11.035783547621516,0.75,-18.302215429452755,0.69,-3.5113362715794496,1.45,144.26427630094958
1701908646.373487,VRU_Adult_Using_Non-Motorized_Device/Prop_Other,11.044005320622377,0.75,-18.23765681340145,0.69,-3.4787383996523342,1.45,155.91398180375103
1701908646.473487,VRU_Adult_Using_Non-Motorized_Device/Prop_Other,11.123171746730812,0.75,-18.174362540245063,0.69,-3.479686915874481,1.45,149.09057524058778
1701908646.573487,VRU_Adult_Using_Non-Motorized_Device/Prop_Other,11.131241607666023,0.75,-18.139849853515628,0.69,-3.48310136795044,1.45,153.3564287198212
1701908646.673487,VRU_Adult_Using_Non-Motorized_Device/Prop_Other,11.149274126688645,0.75,-18.09407717386882,0.69,-3.4752463340759276,1.45,151.08722843556487
1701908646.7734869,VRU_Adult_Using_Non-Motorized_Device/Prop_Other,11.139770030975347,0.75,-18.03250420093537,0.69,-3.4822406470775604,1.45,-121.21561102539627
1701908646.873487,VRU_Adult_Using_Non-Motorized_Device/Prop_Other,11.17084587944879,0.75,-17.961597866482208,0.69,-3.4843263626098633,1.45,-113.66438013266253
1701908646.973487,VRU_Adult_Using_Non-Motorized_Device/Prop_Other,11.136619377136238,0.75,-17.952268600463874,0.69,-3.4645686467488606,1.45,167.24765476356586
1701908647.073487,VRU_Adult_Using_Non-Motorized_Device/Prop_Other,11.201444962445432,0.75,-17.816390766816987,0.69,-3.463017323437859,1.45,64.60008464466522
1701908647.173487,VRU_Adult_Using_Non-Motorized_Device/Prop_Other,11.166569762759742,0.75,-17.76933606465658,0.69,-3.448629299799601,1.45,35.077798774497104
1701908647.2734869,VRU_Adult_Using_Non-Motorized_Device/Prop_Other,11.17192250490189,0.75,-17.71956527233124,0.69,-3.4471132308244705,1.45,-147.09404820439153
1701908647.373487,VRU_Adult_Using_Non-Motorized_Device/Prop_Other,11.165932454560936,0.75,-17.674139725534545,0.69,-3.447655200958252,1.45,-142.57487361629813
1701908647.473487,VRU_Adult_Using_Non-Motorized_Device/Prop_Other,11.191195487976081,0.75,-17.61895516339471,0.69,-3.4439771736369416,1.45,32.71524954805883
1701908647.573487,VRU_Adult_Using_Non-Motorized_Device/Prop_Other,11.181917720370826,0.75,-17.551018079121913,0.69,-3.4468250672022505,1.45,-136.51415359971824
1701908647.673487,VRU_Adult_Using_Non-Motorized_Device/Prop_Other,11.229671309976023,0.75,-17.45224436591654,0.69,-3.4249400391298184,1.45,-133.71488687800272
1701908647.7734869,VRU_Adult_Using_Non-Motorized_Device/Prop_Other,11.24414017995199,0.75,-17.407047017415373,0.69,-3.419416999816895,1.45,32.91930235426539
1701908647.873487,VRU_Adult_Using_Non-Motorized_Device/Prop_Other,11.263763248920448,0.75,-17.29141294956208,0.69,-3.372368916869164,1.45,-160.39697270505062
1701908647.973487,VRU_Adult_Using_Non-Motorized_Device/Prop_Other,11.261926054954534,0.75,-17.249705314636238,0.69,-3.4150919318199158,1.45,-117.07892654987751
1701908648.073487,VRU_Adult_Using_Non-Motorized_Device/Prop_Other,11.236924098088197,0.75,-17.177150139441867,0.69,-3.418826414988591,1.45,35.79442952394232
1701908648.2734869,VRU_Adult_Using_Non-Motorized_Device/Prop_Other,11.254690647125251,0.75,-16.983830332756046,0.69,-3.496916890144348,1.45,64.30588493610004
1701908648.373487,VRU_Adult_Using_Non-Motorized_Device/Prop_Other,11.248769078935904,0.75,-16.953305925641747,0.69,-3.5205250126974925,1.45,71.08376770835926
1701908648.473487,VRU_Adult_Using_Non-Motorized_Device/Prop_Other,11.221301225515521,0.75,-16.93404021629921,0.69,-3.477969884872437,1.45,68.05366873581362
1701908648.573487,VRU_Adult_Using_Non-Motorized_Device/Prop_Other,11.224636895315994,0.75,-16.862620217459547,0.69,-3.4494965927941466,1.45,58.96233569775827
1701908648.673487,VRU_Adult_Using_Non-Motorized_Device/Prop_Other,11.212778772626612,0.75,-16.757781846182695,0.69,-3.563568506922041,1.45,-121.7303827157942
1701908648.7734869,VRU_Adult_Using_Non-Motorized_Device/Prop_Other,11.217482439676928,0.75,-16.6648058573405,0.69,-3.48003724416097,1.45,-115.5729309986454
1701908648.873487,VRU_Adult_Using_Non-Motorized_Device/Prop_Other,11.22118218739828,0.75,-16.619785054524744,0.69,-3.5394082705179857,1.45,-98.89841809724007
1701908648.973487,VRU_Adult_Using_Non-Motorized_Device/Prop_Other,11.226431113023033,0.75,-16.538951286902805,0.69,-3.538827877778274,1.45,-59.448111975461025
1701908648.973487,VRU_Adult_Using_Non-Motorized_Device/Prop_Other,6.128213087717701,0.97,-9.241917292277028,1.56,-4.221631844838461,1.68,-134.53138169761047
1701908649.073487,VRU_Adult_Using_Non-Motorized_Device/Prop_Other,11.214048092181875,0.75,-16.48663021967962,0.69,-3.560344072488638,1.45,-106.70431602605387
1701908649.173487,VRU_Adult_Using_Non-Motorized_Device/Prop_Other,6.158787727355964,0.97,-9.170064290364591,1.56,-4.206270535786947,1.68,41.87517821933022
1701908649.173487,VRU_Adult_Using_Non-Motorized_Device/Prop_Other,11.186821256365103,0.75,-16.44782311575754,0.69,-3.522939528737749,1.45,122.90189835471061
1701908649.2734869,VRU_Adult_Using_Non-Motorized_Device/Prop_Other,6.12156216303508,0.97,-9.265742301940923,1.56,-4.225733280181885,1.68,-123.71129679719002
1701908649.2734869,VRU_Adult_Using_Non-Motorized_Device/Prop_Other,11.169761021931976,0.75,-16.38464533487956,0.69,-3.5112794717152918,1.45,113.37461310921525
1701908649.373487,VRU_Adult_Using_Non-Motorized_Device/Prop_Other,11.127156130472827,0.75,-16.323513031005866,0.69,-3.593468364079793,1.45,139.94495626982726
1701908649.373487,VRU_Adult_Using_Non-Motorized_Device/Prop_Other,6.153820196787521,0.97,-9.36992009480795,1.56,-4.226772785186768,1.68,-107.0928968723459
1701908649.473487,VRU_Adult_Using_Non-Motorized_Device/Prop_Other,11.084448754787452,0.75,-16.2600349187851,0.69,-3.553662464022637,1.45,-39.25998907489225
1701908649.473487,VRU_Adult_Using_Non-Motorized_Device/Prop_Other,6.2014929056167665,0.97,-9.451674938201911,1.56,-4.221450209617615,1.68,-83.96447246344255
1701908649.573487,VRU_Adult_Using_Non-Motorized_Device/Prop_Other,11.071488043841198,0.75,-16.175156986012183,0.69,-3.5906363795785343,1.45,-26.2647178614813
1701908649.573487,VRU_Adult_Using_Non-Motorized_Device/Prop_Other,6.231140931447356,0.97,-9.51973851521811,1.56,-4.219745000203451,1.68,-89.42910691747457
1701908649.673487,VRU_Adult_Using_Non-Motorized_Device/Prop_Other,11.04556860242572,0.75,-16.096023150852755,0.69,-3.6083078384399414,1.45,-153.38120320978777
1701908649.7734869,VRU_Adult_Using_Non-Motorized_Device/Prop_Other,11.086247622966772,0.75,-16.039436161518104,0.69,-3.608795776963234,1.45,-160.06454948602305
1701908649.7734869,VRU_Adult_Using_Non-Motorized_Device/Prop_Other,6.242177009582527,0.97,-9.582272529602061,1.56,-4.222704887390137,1.68,-84.02893439752563
1701908649.873487,VRU_Adult_Using_Non-Motorized_Device/Prop_Other,11.081833712259936,0.75,-16.00792032877605,0.69,-3.5900293350219727,1.45,-122.21640919508829
1701908649.973487,VRU_Adult_Using_Non-Motorized_Device/Prop_Other,11.029306352138525,0.75,-15.92427724599839,0.69,-3.6246062815189366,1.45,-145.5528458512515
1701908650.073487,VRU_Adult_Using_Non-Motorized_Device/Prop_Other,11.033249686746043,0.75,-15.875050825231222,0.69,-3.6112276806550874,1.45,-134.48166276789667
1701908650.173487,VRU_Adult_Using_Non-Motorized_Device/Prop_Other,11.04724299907685,0.75,-15.755526602268226,0.69,-3.5494760423898697,1.45,177.0174774653443
1701908650.2734869,VRU_Adult_Using_Non-Motorized_Device/Prop_Other,11.012636884053558,0.75,-15.71505031585694,0.69,-3.6096463203430176,1.45,137.57968235334465
1701908650.373487,VRU_Adult_Using_Non-Motorized_Device/Prop_Other,11.022023986367625,0.75,-15.673913675196037,0.69,-3.5860851792728203,1.45,128.67731456998365
1701908650.373487,VRU_Adult_Using_Non-Motorized_Device/Prop_Other,6.115398248036709,0.97,-10.039460500081391,1.56,-4.300881862640381,1.68,-71.00713479898934
1701908650.473487,VRU_Adult_Using_Non-Motorized_Device/Prop_Other,10.990148723125465,0.75,-15.61317157745362,0.69,-3.6184709072113033,1.45,147.56302336054415
1701908650.573487,VRU_Adult_Using_Non-Motorized_Device/Prop_Other,10.966009889330191,0.75,-15.537088871002206,0.69,-3.6671849148614073,1.45,-29.726231399942023
1701908650.673487,VRU_Adult_Using_Non-Motorized_Device/Prop_Other,10.980035708500797,0.75,-15.478838773874145,0.69,-3.700242354319646,1.45,132.1532033508991
1701908650.7734869,VRU_Adult_Using_Non-Motorized_Device/Prop_Other,10.93261666731402,0.75,-15.347451643510306,0.69,-3.633841731331565,1.45,-166.450527736254
1701908650.873487,VRU_Adult_Using_Non-Motorized_Device/Prop_Other,10.921606472560345,0.75,-15.308312756674638,0.69,-3.5877734082085744,1.45,-116.20251347928001
1701908650.873487,VRU_Adult_Using_Non-Motorized_Device/Prop_Other,6.179685831069953,0.97,-10.359349489212045,1.56,-4.313017845153809,1.68,113.23827960045557
1701908650.973487,VRU_Adult_Using_Non-Motorized_Device/Prop_Other,10.914993422372008,0.75,-15.22589131764004,0.69,-3.558056507791792,1.45,-113.76097828662998
1701908650.973487,VRU_Adult_Using_Non-Motorized_Device/Prop_Other,6.115589046478279,0.97,-10.431315040588387,1.56,-4.337228298187256,1.68,74.36914006398042
1701908651.073487,VRU_Adult_Using_Non-Motorized_Device/Prop_Other,10.896996634347104,0.75,-15.17706571306502,0.69,-3.600748130253383,1.45,-126.32391721279333
1701908651.073487,VRU_Adult_Using_Non-Motorized_Device/Prop_Other,6.1424504518509,0.97,-10.475599050521861,1.56,-4.3339544534683245,1.68,62.12434476787781
1701908651.173487,VRU_Adult_Using_Non-Motorized_Device/Prop_Other,10.880003316061844,0.75,-15.101750510079528,0.69,-3.5501817635127475,1.45,56.26760164958017
1701908651.173487,VRU_Adult_Using_Non-Motorized_Device/Prop_Other,6.110612256186357,0.97,-10.567419597080784,1.56,-4.35111141204834,1.68,83.52777337191647
1701908651.2734869,VRU_Adult_Using_Non-Motorized_Device/Prop_Other,10.849905747633724,0.75,-15.019640922546396,0.69,-3.56596932044396,1.45,30.44178037518232
1701908651.2734869,VRU_Adult_Using_Non-Motorized_Device/Prop_Other,6.1377493858337475,0.97,-10.620479202270516,1.56,-4.34858455657959,1.68,83.62089990440704
1701908651.373487,VRU_Adult_Using_Non-Motorized_Device/Prop_Other,10.857701388272382,0.75,-14.964869499206554,0.69,-3.541784156452526,1.45,69.63394654112278
1701908651.373487,VRU_Adult_Using_Non-Motorized_Device/Prop_Other,6.193807874407095,0.97,-10.622193745204388,1.56,-4.333385126931327,1.68,-107.69614521784388
1701908651.473487,VRU_Adult_Using_Non-Motorized_Device/Prop_Other,10.859116727655593,0.75,-14.889388951388282,0.69,-3.5281950560483066,1.45,62.1471569264113
1701908651.473487,VRU_Adult_Using_Non-Motorized_Device/Prop_Other,6.211763245718827,0.97,-10.688328334263405,1.56,-4.33454840523856,1.68,-92.17915585516133
1701908651.573487,VRU_Adult_Using_Non-Motorized_Device/Prop_Other,10.830955652090228,0.75,-14.823868017930257,0.69,-3.5931564661172724,1.45,80.21497483535535
1701908651.573487,VRU_Adult_Using_Non-Motorized_Device/Prop_Other,6.233705929347456,0.97,-10.747234480721618,1.56,-4.333950860159738,1.68,-107.81620929821165
1701908651.673487,VRU_Adult_Using_Non-Motorized_Device/Prop_Other,10.820994290438573,0.75,-14.701321255077026,0.69,-3.513917272741145,1.45,77.95077153694865
1701908651.673487,VRU_Adult_Using_Non-Motorized_Device/Prop_Other,6.229321777820595,0.97,-10.856511712074292,1.56,-4.345112204551697,1.68,-100.34604315819868
1701908651.7734869,VRU_Adult_Using_Non-Motorized_Device/Prop_Other,10.74148359298707,0.75,-14.657541179656993,0.69,-3.5204943418502808,1.45,66.74495576974846
1701908651.7734869,VRU_Adult_Using_Non-Motorized_Device/Prop_Other,6.285004207066133,0.97,-10.780873434884215,1.56,-4.323007856096541,1.68,70.02635665148424
1701908651.873487,VRU_Adult_Using_Non-Motorized_Device/Prop_Other,10.725392580032358,0.75,-14.572657267252614,0.69,-3.509525696436565,1.45,-126.24805901508574
1701908651.873487,VRU_Adult_Using_Non-Motorized_Device/Prop_Other,6.302314826420383,0.97,-10.851449693952295,1.56,-4.324735505240304,1.68,76.2604646961154
1701908651.973487,VRU_Adult_Using_Non-Motorized_Device/Prop_Other,10.681837876637786,0.75,-14.518935362497972,0.69,-3.5046345790227256,1.45,60.17070210083795
1701908651.973487,VRU_Adult_Using_Non-Motorized_Device/Prop_Other,6.292112636566169,0.97,-10.874513435363781,1.56,-4.32965259552002,1.68,97.6608171304133
1701908652.073487,VRU_Adult_Using_Non-Motorized_Device/Prop_Other,10.644004454979536,0.75,-14.469830219562246,0.69,-3.4972079900594863,1.45,26.414087895792616
1701908652.073487,VRU_Adult_Using_Non-Motorized_Device/Prop_Other,6.305505116780605,0.97,-10.970568656921396,1.56,-4.3348008791605634,1.68,-84.41733359475754
1701908652.173487,VRU_Adult_Using_Non-Motorized_Device/Prop_Other,10.676393508911142,0.75,-14.372025394439708,0.69,-3.57785325050354,1.45,-146.72428816555248
1701908652.2734869,VRU_Adult_Using_Non-Motorized_Device/Prop_Other,10.621691703796396,0.75,-14.298862218856817,0.69,-3.488959670066834,1.45,5.672387178450219
1701908652.373487,VRU_Adult_Using_Non-Motorized_Device/Prop_Other,10.62225564320883,0.75,-14.22899802525839,0.69,-3.4874667127927146,1.45,-132.39916788472672
1701908652.373487,VRU_Adult_Using_Non-Motorized_Device/Prop_Other,6.171264012654627,0.97,-11.316406885782888,1.56,-3.6083559989929213,1.68,1.4971011125096272
1701908652.473487,VRU_Adult_Using_Non-Motorized_Device/Prop_Other,10.586670981513139,0.75,-14.142209582858627,0.69,-3.476940208011203,1.45,-144.1167547614178
1701908652.473487,VRU_Adult_Using_Non-Motorized_Device/Prop_Other,6.174283742904669,0.97,-11.381218433380138,1.56,-3.6247103214263916,1.68,0.18168060683191398
1701908652.573487,VRU_Adult_Using_Non-Motorized_Device/Prop_Other,10.581058242104278,0.75,-14.11803236874668,0.69,-3.46535400910811,1.45,179.3416329138544
1701908652.573487,VRU_Adult_Using_Non-Motorized_Device/Prop_Other,6.1371333599090665,0.97,-11.448291778564462,1.56,-3.6363021135330196,1.68,7.492706083155464
1701908652.673487,VRU_Adult_Using_Non-Motorized_Device/Prop_Other,10.49514190967267,0.75,-14.02852593935454,0.69,-3.4675815839033866,1.45,-150.70501994029658
1701908652.673487,VRU_Adult_Using_Non-Motorized_Device/Prop_Other,6.094239155451464,0.97,-11.504826068878186,1.56,-3.644658923149109,1.68,-162.63626769046112
1701908652.7734869,VRU_Adult_Using_Non-Motorized_Device/Prop_Other,10.492044969038535,0.75,-13.986689394170599,0.69,-3.4586916620081127,1.45,-159.2121741536402
1701908652.7734869,VRU_Adult_Using_Non-Motorized_Device/Prop_Other,6.161989007677358,0.97,-11.574463980538516,1.56,-3.873500789914812,1.68,-4.861941743519678
1701908652.873487,VRU_Adult_Using_Non-Motorized_Device/Prop_Other,6.157704734802254,0.97,-11.633069229125988,1.56,-3.818114757537842,1.68,-4.824969353252957
1701908652.873487,VRU_Adult_Using_Non-Motorized_Device/Prop_Other,10.42153297771108,0.75,-13.930611263621948,0.69,-3.453420552340421,1.45,-161.70902771481016
1701908652.973487,VRU_Adult_Using_Non-Motorized_Device/Prop_Other,6.159829807281502,0.97,-11.674005317687998,1.56,-3.9574595928192147,1.68,2.513315345580419
1701908652.973487,VRU_Adult_Using_Non-Motorized_Device/Prop_Other,10.3667929172516,0.75,-13.894954601923635,0.69,-3.4536359906196594,1.45,15.707283791121133
1701908653.073487,VRU_Adult_Using_Non-Motorized_Device/Prop_Other,6.14789843559266,0.97,-11.706515669822704,1.56,-3.9449514448642735,1.68,-7.650121896595955
1701908653.073487,VRU_Adult_Using_Non-Motorized_Device/Prop_Other,10.418640136718759,0.75,-13.812229009775022,0.69,-3.4441105219034047,1.45,-143.81043357746466
1701908653.173487,VRU_Adult_Using_Non-Motorized_Device/Prop_Other,10.356854375203456,0.75,-13.762866910298673,0.69,-3.5124313831329346,1.45,-147.17656700947137
1701908653.173487,VRU_Adult_Using_Non-Motorized_Device/Prop_Other,6.194097995758065,0.97,-11.735663652420056,1.56,-4.036467909812928,1.68,172.2874050102208
1701908653.2734869,VRU_Adult_Using_Non-Motorized_Device/Prop_Other,10.338803631918779,0.75,-13.697788306644993,0.69,-3.430402789797102,1.45,-173.3498839211433
1701908653.2734869,VRU_Adult_Using_Non-Motorized_Device/Prop_Other,6.379348158836371,0.97,-11.808434486389169,1.56,-4.389839053153992,1.68,83.26116784381504
1701908653.373487,VRU_Adult_Using_Non-Motorized_Device/Prop_Other,10.351287988516008,0.75,-13.63723351405218,0.69,-3.4273732625521154,1.45,-152.23369855260137
1701908653.373487,VRU_Adult_Using_Non-Motorized_Device/Prop_Other,6.397864103317269,0.97,-11.864116668701183,1.56,-4.38973069190979,1.68,75.89200316875889
1701908653.473487,VRU_Adult_Using_Non-Motorized_Device/Prop_Other,10.353499846024956,0.75,-13.585839705033747,0.69,-3.427705027840354,1.45,-154.13808793609826
1701908653.473487,VRU_Adult_Using_Non-Motorized_Device/Prop_Other,6.203762463160932,0.97,-11.812335286821646,1.56,-4.106934956141881,1.68,58.88952719555626
1701908653.573487,VRU_Adult_Using_Non-Motorized_Device/Prop_Other,10.33638660724347,0.75,-13.497262074397169,0.69,-3.4144486097189097,1.45,-141.97553212384085
1701908653.573487,VRU_Adult_Using_Non-Motorized_Device/Prop_Other,6.164700508117684,0.97,-11.860825114780013,1.56,-4.027647177378337,1.68,60.093236190560425
1701908653.673487,VRU_Adult_Using_Non-Motorized_Device/Prop_Other,10.320893033345548,0.75,-13.441101773579923,0.69,-3.402117411295573,1.45,-155.9777619489184
1701908653.673487,VRU_Adult_Using_Non-Motorized_Device/Prop_Other,6.184134864807137,0.97,-11.88813934326173,1.56,-4.001920175552369,1.68,52.94431717044545
1701908653.7734869,VRU_Adult_Using_Non-Motorized_Device/Prop_Other,10.300644874572761,0.75,-13.355287969112403,0.69,-3.3824668675661087,1.45,-165.21680753446574
1701908653.7734869,VRU_Adult_Using_Non-Motorized_Device/Prop_Other,6.1394590271843885,0.97,-11.877449777391234,1.56,-4.042104932996962,1.68,72.76084648038578
1701908653.873487,VRU_Adult_Using_Non-Motorized_Device/Prop_Other,10.288282775878912,0.75,-13.277025222778327,0.69,-3.3751354694366453,1.45,-166.29926634999904
1701908653.873487,Passenger_Vehicle,5.334489067395537,2.6,-13.450613021850595,5.08,-4.005148212114971,1.85,-111.5270714240132
1701908653.973487,VRU_Adult_Using_Non-Motorized_Device/Prop_Other,10.244350569588804,0.75,-13.238739762987418,0.69,-3.3805116585322788,1.45,-162.88893495781986
1701908653.973487,Passenger_Vehicle,4.864099979400642,2.6,-14.34566879272462,5.08,-3.8132373988628387,1.85,-110.87642768786608
1701908654.073487,VRU_Adult_Using_Non-Motorized_Device/Prop_Other,10.19368787912223,0.75,-13.203188749460082,0.69,-3.386762068821834,1.45,179.72795635436202
1701908654.073487,Passenger_Vehicle,5.018137761524754,2.6,-14.076048442295631,5.08,-3.8185557637895866,1.85,-110.95686535165538
1701908654.173487,VRU_Adult_Using_Non-Motorized_Device/Prop_Other,10.205105917794368,0.75,-13.119044916970397,0.69,-3.3749949080603465,1.45,-152.62276945052878
1701908654.173487,Passenger_Vehicle,5.006197452545174,2.6,-14.139166014535101,5.08,-3.8330097879682263,1.85,-111.35743041729364
1701908654.2734869,VRU_Adult_Using_Non-Motorized_Device/Prop_Other,10.15113487243653,0.75,-13.120398807525643,0.69,-3.3877376556396483,1.45,174.989347777044
1701908654.2734869,VRU_Adult_Using_Bicycle,4.270706295967111,0.96,-15.492588520050056,1.64,-3.840907663106919,1.65,61.578635797521045
1701908654.373487,VRU_Adult_Using_Non-Motorized_Device/Prop_Other,10.181845426559457,0.75,-13.013995091120409,0.69,-3.3674833973248806,1.45,-161.36791376384664
1701908654.373487,Passenger_Vehicle,4.703176157815124,2.6,-14.740787506103525,5.08,-3.935394525527954,1.85,61.6694019366915
1701908654.473487,VRU_Adult_Using_Non-Motorized_Device/Prop_Other,10.206344763437913,0.75,-12.93304689725241,0.69,-3.3678712248802185,1.45,24.113079297456967
1701908654.473487,Passenger_Vehicle,4.516417066256214,2.6,-15.119455814361586,5.08,-4.054839650789897,1.85,60.663081296234054
1701908654.573487,Passenger_Vehicle,4.578026145696649,2.6,-14.99165678024293,5.08,-3.84472280740738,1.85,61.201654764946426
1701908654.573487,VRU_Adult_Using_Non-Motorized_Device/Prop_Other,10.24201464653016,0.75,-12.854529698689788,0.69,-3.3465859889984135,1.45,178.56848768168373
1701908654.673487,Passenger_Vehicle,4.658532449177342,2.6,-14.882952690124524,5.08,-3.8689905575343544,1.85,60.79834860565878
1701908654.673487,VRU_Adult_Using_Non-Motorized_Device/Prop_Other,10.186183636005115,0.75,-12.782730029179508,0.69,-3.327455667349009,1.45,-163.29049197622456
1701908654.7734869,VRU_Adult_Using_Non-Motorized_Device/Prop_Other,10.181769609451301,0.75,-12.710418860117604,0.69,-3.3250845273335776,1.45,177.6281351046762
1701908654.7734869,Passenger_Vehicle,5.1519470512867045,2.6,-14.120017409324657,5.08,-3.888463228940964,1.85,-113.71453750043324
1701908654.873487,VRU_Adult_Using_Non-Motorized_Device/Prop_Other,10.161257880074645,0.75,-12.674460411071786,0.69,-3.3305294684001376,1.45,8.695010874396612
1701908654.873487,Passenger_Vehicle,4.97368319829306,2.6,-14.452361530727822,5.08,-3.8989364306132006,1.85,-114.38794989699085
1701908654.973487,VRU_Adult_Using_Non-Motorized_Device/Prop_Other,10.176721832968981,0.75,-12.58663914420389,0.69,-3.3249218030409384,1.45,158.9625800601356
1701908654.973487,Passenger_Vehicle,5.002364669527334,2.6,-14.501421792166584,5.08,-3.923964023590088,1.85,-115.04320484220096
1701908655.073487,VRU_Adult_Using_Non-Motorized_Device/Prop_Other,10.11497592926026,0.75,-12.507798767089854,0.69,-3.3254330158233643,1.45,159.9465621464695
1701908655.073487,Passenger_Vehicle,4.517940044403084,2.6,-15.308537642161063,5.08,-3.8746751149495444,1.85,58.881516714108294
1701908655.173487,Passenger_Vehicle,5.166923427581797,2.6,-14.282903289794934,5.08,-3.9051520347595208,1.85,-115.06521658171434
1701908655.173487,VRU_Adult_Using_Non-Motorized_Device/Prop_Other,10.069596290588386,0.75,-12.44639387997715,0.69,-3.3350468548861416,1.45,2.644873527614405
1701908655.2734869,VRU_Adult_Using_Non-Motorized_Device/Prop_Other,10.05956901203503,0.75,-12.396746375344025,0.69,-3.3311336907473486,1.45,26.730371816566397
1701908655.2734869,VRU_Adult_Using_Bicycle,3.860292752583829,0.96,-16.393950144449878,1.64,-3.797559976577759,1.65,83.8312843154834
1701908655.373487,VRU_Adult_Using_Non-Motorized_Device/Prop_Other,10.04237547787754,0.75,-12.309513438831685,0.69,-3.3213225711475727,1.45,132.57936520929024
1701908655.373487,VRU_Adult_Using_Bicycle,3.6889558633168615,0.96,-16.663451512654632,1.64,-3.8548222382863364,1.65,-118.62884143648972
1701908655.473487,VRU_Adult_Using_Non-Motorized_Device/Prop_Other,10.016818740151153,0.75,-12.248306447809403,0.69,-3.317733504555443,1.45,2.6216927911674732
1701908655.573487,VRU_Adult_Using_Non-Motorized_Device/Prop_Other,10.070946407318123,0.75,-12.180933475494395,0.69,-3.3031760692596444,1.45,85.24709334269863
1701908655.673487,VRU_Adult_Using_Non-Motorized_Device/Prop_Other,10.097760547291154,0.75,-12.120835564353255,0.69,-3.3082148378545595,1.45,-117.5477750956463
1701908655.7734869,VRU_Adult_Using_Non-Motorized_Device/Prop_Other,10.054581737518317,0.75,-12.034080791473402,0.69,-3.31665198802948,1.45,-137.7364997818097
1701908655.873487,VRU_Adult_Using_Non-Motorized_Device/Prop_Other,10.055811119079596,0.75,-11.979964351654061,0.69,-3.3183457612991334,1.45,-131.99651732451878
1701908655.973487,VRU_Adult_Using_Non-Motorized_Device/Prop_Other,10.044912974039722,0.75,-11.949739668104392,0.69,-3.343561198976305,1.45,-144.89134247331538
1701908656.073487,VRU_Adult_Using_Non-Motorized_Device/Prop_Other,9.998946598597943,0.75,-11.862643514360713,0.69,-3.4026206902095253,1.45,-143.18315545254765
1701908656.173487,VRU_Adult_Using_Non-Motorized_Device/Prop_Other,10.01200532913209,0.75,-11.773464838663749,0.69,-3.3903317848841343,1.45,-128.7193289113487
1701908656.2734869,VRU_Adult_Using_Non-Motorized_Device/Prop_Other,9.937276840209966,0.75,-11.697604588099901,0.69,-3.5495993069240024,1.45,-127.12650315976313
1701908656.373487,VRU_Adult_Using_Non-Motorized_Device/Prop_Other,9.926794242858893,0.75,-11.64007396697999,0.69,-3.6046721458435065,1.45,-133.62503719971903
1701908656.473487,VRU_Adult_Using_Non-Motorized_Device/Prop_Other,9.942957687377938,0.75,-11.623600959777843,0.69,-3.3948835849761965,1.45,-132.32764675787638
1701908656.473487,VRU_Adult_Using_Non-Motorized_Device/Prop_Other,6.05264329910279,0.97,-13.895215670267751,1.56,-3.86206038792928,1.68,66.30781648112196
1701908656.573487,VRU_Adult_Using_Non-Motorized_Device/Prop_Other,9.939428170522062,0.75,-11.487055778503427,0.69,-3.553691029548645,1.45,-114.52938919920447
1701908656.573487,VRU_Adult_Using_Non-Motorized_Device/Prop_Other,6.1512286398145966,0.97,-13.714047643873437,1.56,-3.560355716281467,1.68,-106.51192798661131
1701908656.673487,VRU_Adult_Using_Non-Motorized_Device/Prop_Other,9.925324916839608,0.75,-11.453672885894788,0.69,-3.3830851713816337,1.45,-135.7495801757839
1701908656.673487,VRU_Adult_Using_Non-Motorized_Device/Prop_Other,6.103998047964922,0.97,-13.899949891226644,1.56,-3.747769832611084,1.68,64.67605703680002
1701908656.7734869,VRU_Adult_Using_Non-Motorized_Device/Prop_Other,6.110717296600349,0.97,-13.951722553798145,1.56,-3.7582118851797923,1.68,64.40696387852722
1701908656.7734869,VRU_Adult_Using_Non-Motorized_Device/Prop_Other,9.937561353047696,0.75,-11.359799861907968,0.69,-3.5418808857599893,1.45,-127.26639314106728
1701908656.873487,VRU_Adult_Using_Non-Motorized_Device/Prop_Other,9.92741661071778,0.75,-11.301104545593272,0.69,-3.367455768585206,1.45,-131.14891859808085
1701908656.873487,VRU_Adult_Using_Non-Motorized_Device/Prop_Other,6.083360777960893,0.97,-14.074881129794662,1.56,-3.89754139052497,1.68,65.12171121547973
1701908656.973487,VRU_Adult_Using_Non-Motorized_Device/Prop_Other,9.927445729573575,0.75,-11.208449681599944,0.69,-3.5299366712570195,1.45,-123.87977071882679
1701908656.973487,VRU_Adult_Using_Non-Motorized_Device/Prop_Other,5.990068626403819,0.97,-14.27924022674562,1.56,-4.0966620445251465,1.68,62.82379712079384
1701908656.973487,VRU_Adult_Using_Non-Motorized_Device/Prop_Other,6.273586273193369,0.97,-13.429282506306976,1.56,-2.9645090103149427,1.68,29.570163933382446
1701908657.073487,VRU_Adult_Using_Non-Motorized_Device/Prop_Other,9.900386969248462,0.75,-11.155066172281911,0.69,-3.3604875405629477,1.45,-129.87438010188117
1701908657.073487,VRU_Adult_Using_Non-Motorized_Device/Prop_Other,6.006356103079668,0.97,-14.184217589242127,1.56,-3.973385913031442,1.68,64.83379415345732
1701908657.073487,VRU_Adult_Using_Non-Motorized_Device/Prop_Other,6.109181563059498,0.97,-13.50751272837322,1.56,-3.00965682665507,1.68,-161.8351119292549
1701908657.173487,VRU_Adult_Using_Non-Motorized_Device/Prop_Other,9.840124766031908,0.75,-11.125042597452811,0.69,-3.546747605005901,1.45,44.17336428187353
1701908657.173487,VRU_Adult_Using_Non-Motorized_Device/Prop_Other,5.989352975572866,0.97,-14.164173943655843,1.56,-3.9673916612352644,1.68,60.97309862172736
1701908657.173487,VRU_Adult_Using_Non-Motorized_Device/Prop_Other,6.189671230316169,0.97,-13.556033706665051,1.56,-2.980512189865113,1.68,-144.31918888784875
1701908657.2734869,VRU_Adult_Using_Non-Motorized_Device/Prop_Other,5.863845825195321,0.97,-14.502368927001964,1.56,-4.379251837730408,1.68,65.58418144413105
1701908657.2734869,VRU_Adult_Using_Non-Motorized_Device/Prop_Other,9.774928092956552,0.75,-11.042660168239058,0.69,-3.384319748197283,1.45,-141.76309658809868
1701908657.373487,VRU_Adult_Using_Non-Motorized_Device/Prop_Other,5.852399826049812,0.97,-14.503624098641543,1.56,-4.378365925380163,1.68,-111.83887556259953
1701908657.373487,VRU_Adult_Using_Non-Motorized_Device/Prop_Other,6.142026185989388,0.97,-13.688270727793387,1.56,-3.0130846897761026,1.68,-76.47896611653715
1701908657.373487,VRU_Adult_Using_Non-Motorized_Device/Prop_Other,9.790131568908697,0.75,-10.959134896596282,0.69,-3.3717685937881474,1.45,-131.60080369781898
1701908657.473487,VRU_Adult_Using_Non-Motorized_Device/Prop_Other,5.826646149158485,0.97,-14.554289340972915,1.56,-4.388821601867677,1.68,-113.60131940041819
1701908657.473487,VRU_Adult_Using_Non-Motorized_Device/Prop_Other,9.724182946341386,0.75,-10.918055261884428,0.69,-3.3860781192779545,1.45,-139.6923544437872
1701908657.473487,VRU_Adult_Using_Non-Motorized_Device/Prop_Other,6.121749798456835,0.97,-13.73906453450522,1.56,-3.022711237271627,1.68,66.11506035123433
1701908657.573487,VRU_Adult_Using_Non-Motorized_Device/Prop_Other,9.688488165537523,0.75,-10.882929007212331,0.69,-3.3925679127375292,1.45,-141.93138889904105
1701908657.573487,VRU_Adult_Using_Non-Motorized_Device/Prop_Other,5.813230574131019,0.97,-14.617710232734693,1.56,-4.403917849063873,1.68,-113.96324281804121
1701908657.673487,VRU_Adult_Using_Non-Motorized_Device/Prop_Other,9.624706677028117,0.75,-10.829620770045697,0.69,-3.405055284500122,1.45,-147.53760462463472
1701908657.673487,VRU_Adult_Using_Non-Motorized_Device/Prop_Other,5.84185104370118,0.97,-14.557971954345714,1.56,-4.3912748336792,1.68,-10.435841159591586
1701908657.7734869,VRU_Adult_Using_Non-Motorized_Device/Prop_Other,9.664482934134355,0.75,-10.724748611450204,0.69,-3.5341131687164307,1.45,-134.73132328350096
1701908657.7734869,VRU_Adult_Using_Non-Motorized_Device/Prop_Other,5.794713894526171,0.97,-14.715102036794038,1.56,-4.42732604344686,1.68,-121.96199063305548
1701908657.873487,VRU_Adult_Using_Non-Motorized_Device/Prop_Other,9.648305075509215,0.75,-10.637489591326041,0.69,-3.5302094732012064,1.45,-136.29630660343489
1701908657.873487,Passenger_Vehicle,6.640691041946422,2.6,-13.738830327987683,5.08,-4.191606640815735,1.85,48.04150717953796
1701908657.973487,VRU_Adult_Using_Non-Motorized_Device/Prop_Other,9.59893158503942,0.75,-10.587850161961159,0.69,-3.3880481379372727,1.45,-141.89392882493982
1701908657.973487,VRU_Adult_Using_Non-Motorized_Device/Prop_Other,5.74213111400605,0.97,-14.749058961868297,1.56,-4.430740594863892,1.68,-6.541502894141695
1701908658.073487,Passenger_Vehicle,6.923575719197597,2.6,-13.42173989613852,5.08,-4.119515895843506,1.85,49.29304050217862
1701908658.073487,VRU_Adult_Using_Non-Motorized_Device/Prop_Other,9.654730796813972,0.75,-10.486352920532235,0.69,-3.362200975418091,1.45,-127.32341718526129
1701908658.073487,VRU_Adult_Using_Non-Motorized_Device/Prop_Other,6.105599800745654,0.97,-14.149353981018075,1.56,-3.2881891330083213,1.68,168.44319394586032
1701908658.173487,Passenger_Vehicle,6.915226663861964,2.6,-13.338553973606663,5.08,-3.7602677004677916,1.85,49.24348237924783
1701908658.173487,VRU_Adult_Using_Non-Motorized_Device/Prop_Other,9.644988632202155,0.75,-10.435687255859381,0.69,-3.5720385551452645,1.45,-126.46003330735974
1701908658.173487,VRU_Adult_Using_Non-Motorized_Device/Prop_Other,6.01667022705079,0.97,-14.206472587585461,1.56,-3.5778264522552496,1.68,-163.65040642052102
1701908658.2734869,Passenger_Vehicle,7.772865772247323,2.6,-12.402399301528941,5.08,-3.2801100015640263,1.85,50.32729575156567
1701908658.2734869,VRU_Adult_Using_Non-Motorized_Device/Prop_Other,9.639749908447273,0.75,-10.340860557556159,0.69,-3.351696729660034,1.45,54.01656238994952
1701908658.2734869,VRU_Adult_Using_Non-Motorized_Device/Prop_Other,6.016076469421392,0.97,-14.276743125915539,1.56,-3.5947078704833992,1.68,-146.21479810201436
1701908658.373487,Passenger_Vehicle,7.432746410369881,2.6,-12.749018260410866,5.08,-3.6151915958949496,1.85,49.553039336804765
1701908658.373487,VRU_Adult_Using_Non-Motorized_Device/Prop_Other,9.658000946044929,0.75,-10.208480834960945,0.69,-3.3331205844879155,1.45,62.92147906122737
1701908658.473487,VRU_Adult_Using_Non-Motorized_Device/Prop_Other,5.962059089115695,0.97,-14.533883639744362,1.56,-3.8600215230669304,1.68,-134.57367088692527
1701908658.473487,VRU_Adult_Using_Non-Motorized_Device/Prop_Other,9.524470170338956,0.75,-10.228902339935315,0.69,-3.372694253921509,1.45,-133.4721352555958
1701908658.473487,VRU_Adult_Using_Non-Motorized_Device/Prop_Other,6.0648717880249094,0.97,-14.350438435872407,1.56,-3.1159114837646484,1.68,-139.84565452394077
1701908658.573487,VRU_Adult_Using_Non-Motorized_Device/Prop_Other,9.50764226913453,0.75,-10.130143483479829,0.69,-3.3673861424128213,1.45,49.666840241195395
1701908658.573487,VRU_Adult_Using_Non-Motorized_Device/Prop_Other,5.955794143676767,0.97,-14.519861221313487,1.56,-3.8908928394317632,1.68,26.8569560536326
1701908658.673487,VRU_Adult_Using_Non-Motorized_Device/Prop_Other,9.485801124572763,0.75,-10.08396129608155,0.69,-3.368842220306397,1.45,51.72932242152155
1701908658.673487,VRU_Adult_Using_Non-Motorized_Device/Prop_Other,5.966916859149941,0.97,-14.529374718666089,1.56,-3.6128991544246674,1.68,-149.14806416100498
1701908658.7734869,VRU_Adult_Using_Non-Motorized_Device/Prop_Other,5.97850966453553,0.97,-14.546933412551892,1.56,-3.7715297639369973,1.68,-149.59364104377514
1701908658.7734869,VRU_Adult_Using_Non-Motorized_Device/Prop_Other,5.9291170438130765,0.97,-14.497502326965341,1.56,-3.1326468785603847,1.68,-119.11324583942354
1701908658.7734869,VRU_Adult_Using_Non-Motorized_Device/Prop_Other,9.471394062042243,0.75,-9.972749551137296,0.69,-3.434640566507976,1.45,-114.94525677179976
1701908658.873487,VRU_Adult_Using_Non-Motorized_Device/Prop_Other,9.416402626037605,0.75,-9.969790649414069,0.69,-3.376722812652588,1.45,-130.47808777037096
1701908658.873487,VRU_Adult_Using_Non-Motorized_Device/Prop_Other,5.9972502163478385,0.97,-14.56002984728133,1.56,-3.1488492488861084,1.68,-26.91649519371866
1701908658.873487,Passenger_Vehicle,5.837089856465664,2.6,-14.621973037719735,5.08,-4.407377401987712,1.85,2.2820565697717665
1701908658.973487,VRU_Adult_Using_Non-Motorized_Device/Prop_Other,9.408279418945321,0.75,-9.840169634137842,0.69,-3.423458031245641,1.45,-121.033308098818
1701908658.973487,VRU_Adult_Using_Non-Motorized_Device/Prop_Other,5.98696434497834,0.97,-14.5992330312729,1.56,-3.153971076011658,1.68,-19.86651496471451
1701908658.973487,Passenger_Vehicle,5.865188956260688,2.6,-14.614469051361095,5.08,-4.408365845680238,1.85,3.1248253497990963
1701908659.073487,VRU_Adult_Using_Non-Motorized_Device/Prop_Other,5.975281238555916,0.97,-14.656144823346827,1.56,-3.70577267238072,1.68,177.0585512069036
1701908659.073487,VRU_Adult_Using_Non-Motorized_Device/Prop_Other,9.42799549102784,0.75,-9.769573783874522,0.69,-3.3529625415802,1.45,49.56258636199179
1701908659.073487,VRU_Adult_Using_Non-Motorized_Device/Prop_Other,5.877359008789069,0.97,-14.599924659729016,1.56,-3.147760915756227,1.68,16.41286302208945
1701908659.173487,VRU_Adult_Using_Non-Motorized_Device/Prop_Other,5.95266431570054,0.97,-14.688833117485059,1.56,-3.1684108674526215,1.68,-27.885753359518645
1701908659.173487,VRU_Adult_Using_Non-Motorized_Device/Prop_Other,9.412661743164069,0.75,-9.657929229736336,0.69,-3.5642691612243653,1.45,-111.2170966909512
1701908659.2734869,VRU_Adult_Using_Non-Motorized_Device/Prop_Other,6.115100860595711,0.97,-14.828770319620778,1.56,-3.191269795099895,1.68,-95.68765794669775
1701908659.2734869,VRU_Adult_Using_Non-Motorized_Device/Prop_Other,9.383583641052253,0.75,-9.610935592651376,0.69,-3.5680266857147216,1.45,56.94436094489193
1701908659.373487,VRU_Adult_Using_Non-Motorized_Device/Prop_Other,9.389470863342291,0.75,-9.553943252563487,0.69,-3.5602603435516356,1.45,57.650811848900325
1701908659.373487,VRU_Adult_Using_Non-Motorized_Device/Prop_Other,6.078732728958139,0.97,-14.87582826614381,1.56,-3.2010704874992375,1.68,-109.05161409942662
1701908659.473487,VRU_Adult_Using_Non-Motorized_Device/Prop_Other,9.327435016632085,0.75,-9.545291264851896,0.69,-3.5405185619990043,1.45,-125.6466985754835
1701908659.473487,VRU_Adult_Using_Non-Motorized_Device/Prop_Other,5.920183944702156,0.97,-14.84989995956422,1.56,-3.1913499832153325,1.68,166.25841243958467
1701908659.573487,VRU_Adult_Using_Non-Motorized_Device/Prop_Other,9.300723870595304,0.75,-9.50052785873414,0.69,-3.5434167782465624,1.45,-127.74675191594346
1701908659.573487,VRU_Adult_Using_Non-Motorized_Device/Prop_Other,5.925046920776374,0.97,-14.930222988128673,1.56,-3.2039207220077524,1.68,156.08358803544215
1701908659.673487,VRU_Adult_Using_Non-Motorized_Device/Prop_Other,9.284298658370979,0.75,-9.404759645462047,0.69,-3.3559308052062993,1.45,55.02649843221523
1701908659.673487,VRU_Adult_Using_Non-Motorized_Device/Prop_Other,6.064352416992195,0.97,-15.057502937316903,1.56,-3.227139329910279,1.68,-101.07598095459181
1701908659.673487,VRU_Adult_Using_Bicycle,5.787351131439217,0.89,-14.898464626736123,1.53,-3.4792521529727516,1.38,10.971869366508917
1701908659.7734869,VRU_Adult_Using_Non-Motorized_Device/Prop_Other,9.254102325439458,0.75,-9.386320686340339,0.69,-3.362539529800416,1.45,50.498431498000414
1701908659.7734869,VRU_Adult_Using_Non-Motorized_Device/Prop_Other,5.916571270335812,0.97,-15.021483334628028,1.56,-3.2189373753287582,1.68,157.09016218537658
1701908659.873487,VRU_Adult_Using_Non-Motorized_Device/Prop_Other,5.882626914978037,0.97,-15.056418609619149,1.56,-3.2265328407287597,1.68,-3.2969678752584937
1701908659.873487,VRU_Adult_Using_Non-Motorized_Device/Prop_Other,9.211982345581061,0.75,-9.388240623474129,0.69,-3.3746358871459963,1.45,-133.10776567932191
1701908659.973487,VRU_Adult_Using_Non-Motorized_Device/Prop_Other,9.24264017740886,0.75,-9.301227410634366,0.69,-3.5409562985102334,1.45,-123.55933120840461
1701908659.973487,VRU_Adult_Using_Non-Motorized_Device/Prop_Other,5.844749093055732,0.97,-15.113084157307952,1.56,-3.2414844632148743,1.68,177.2011288800384
1701908660.073487,VRU_Adult_Using_Non-Motorized_Device/Prop_Other,9.210362275441495,0.75,-9.276246070861825,0.69,-3.548207004865011,1.45,-121.9690153844756
1701908660.073487,VRU_Adult_Using_Non-Motorized_Device/Prop_Other,6.013749790191659,0.97,-15.247547340393078,1.56,-3.2538104534149177,1.68,-112.21983333709201
1701908660.173487,VRU_Adult_Using_Non-Motorized_Device/Prop_Other,9.220056125095919,0.75,-9.206826618739544,0.69,-3.550398758479527,1.45,-117.42338776801327
1701908660.173487,VRU_Adult_Using_Non-Motorized_Device/Prop_Other,5.997647166252145,0.97,-15.29457998275758,1.56,-3.2634430527687073,1.68,61.919933729332925
1701908660.2734869,VRU_Adult_Using_Non-Motorized_Device/Prop_Other,9.1985673904419,0.75,-9.146488870893213,0.69,-3.4295534746987477,1.45,-131.0407287177521
1701908660.2734869,VRU_Adult_Using_Non-Motorized_Device/Prop_Other,5.930852413177497,0.97,-15.379098415374767,1.56,-3.2780900597572327,1.68,-118.0497956921219
1701908660.373487,VRU_Adult_Using_Non-Motorized_Device/Prop_Other,9.177848100662235,0.75,-9.099561214447029,0.69,-3.440990000963211,1.45,-107.76400716351117
1701908660.373487,VRU_Adult_Using_Non-Motorized_Device/Prop_Other,5.9046309789021905,0.97,-15.431728363037124,1.56,-3.288773139317831,1.68,-120.47577163454207
1701908660.473487,VRU_Adult_Using_Non-Motorized_Device/Prop_Other,9.23077239990235,0.75,-9.063337326049812,0.69,-3.607327604293823,1.45,-120.83432708739142
1701908660.473487,VRU_Adult_Using_Non-Motorized_Device/Prop_Other,5.877584457397468,0.97,-15.419280290603648,1.56,-3.2955065965652466,1.68,-112.16260801685223
1701908660.573487,VRU_Adult_Using_Non-Motorized_Device/Prop_Other,9.205267906188974,0.75,-9.057596070425861,0.69,-3.5336562224796846,1.45,-119.82126006110249
1701908660.573487,VRU_Adult_Using_Non-Motorized_Device/Prop_Other,5.793565511703501,0.97,-15.551929235458385,1.56,-3.3236254453659066,1.68,-126.97596380397829
1701908660.673487,VRU_Adult_Using_Non-Motorized_Device/Prop_Other,5.804901599884041,0.97,-15.525821113586437,1.56,-3.31789813041687,1.68,62.62530979409898
1701908660.673487,VRU_Adult_Using_Non-Motorized_Device/Prop_Other,9.230726718902595,0.75,-8.990202744801847,0.69,-3.3736904064814257,1.45,-120.54403178522497
1701908660.7734869,VRU_Adult_Using_Non-Motorized_Device/Prop_Other,5.581066975226776,0.97,-15.521672102121215,1.56,-3.3098623018998365,1.68,7.884695965371146
1701908660.7734869,VRU_Adult_Using_Non-Motorized_Device/Prop_Other,9.18618281682333,0.75,-8.971483230590827,0.69,-3.3798405726750693,1.45,-124.32781212501081
1701908660.873487,VRU_Adult_Using_Non-Motorized_Device/Prop_Other,5.762491703033454,0.97,-15.612618605295829,1.56,-3.333568572998047,1.68,-111.32538551347164
1701908660.873487,VRU_Adult_Using_Non-Motorized_Device/Prop_Other,9.178823709487922,0.75,-8.958999872207649,0.69,-3.339435338973999,1.45,-130.2312653552262
1701908660.973487,VRU_Adult_Using_Non-Motorized_Device/Prop_Other,9.18624114990235,0.75,-8.857877159118662,0.69,-3.3757386207580566,1.45,-117.85921266715476
1701908660.973487,VRU_Adult_Using_Non-Motorized_Device/Prop_Other,5.720552580697206,0.97,-15.670291083199649,1.56,-3.343278271811349,1.68,-108.92355011919693
1701908661.073487,VRU_Adult_Using_Non-Motorized_Device/Prop_Other,5.711768865585334,0.97,-15.733016133308423,1.56,-3.355781465768814,1.68,-119.89835750580173
1701908661.073487,VRU_Adult_Using_Non-Motorized_Device/Prop_Other,9.170563697814949,0.75,-8.804716825485237,0.69,-3.3838346004486084,1.45,-114.07357226674523
1701908661.173487,VRU_Adult_Using_Non-Motorized_Device/Prop_Other,5.792708601270411,0.97,-15.865685054234104,1.56,-3.37892154284886,1.68,-50.13057368204048
1701908661.173487,VRU_Adult_Using_Non-Motorized_Device/Prop_Other,5.486458778381356,0.97,-15.700534608629024,1.56,-3.3332850933074956,1.68,-117.76878949163319
1701908661.2734869,VRU_Adult_Using_Non-Motorized_Device/Prop_Other,5.698391172620994,0.97,-15.800574514600978,1.56,-3.362311310238308,1.68,-114.01450186255488
1701908661.2734869,VRU_Adult_Using_Bicycle,5.458609240395689,0.89,-15.730215208871035,1.53,-3.330183676310948,1.38,-124.33203572376385
1701908661.373487,VRU_Adult_Using_Non-Motorized_Device/Prop_Other,5.730352163314826,0.97,-15.808425545692455,1.56,-3.357454210519791,1.68,-101.47851133875247
1701908661.373487,VRU_Adult_Using_Bicycle,5.450759410858162,0.89,-15.790445736476366,1.53,-3.3410541330065047,1.38,-119.87847911933298
1701908661.473487,VRU_Adult_Using_Non-Motorized_Device/Prop_Other,5.700630505879726,0.97,-15.849985758463552,1.56,-3.3661627504560685,1.68,-104.89906926505654
1701908661.473487,VRU_Adult_Using_Non-Motorized_Device/Prop_Other,9.194891293843595,0.75,-8.575827916463224,0.69,-3.2946232954661046,1.45,53.683476144926836
1701908661.473487,VRU_Adult_Using_Bicycle,5.450815813882018,0.89,-15.856210708618173,1.53,-3.3534936564309255,1.38,-115.78869798438285
1701908661.573487,VRU_Adult_Using_Non-Motorized_Device/Prop_Other,5.636408329010019,0.97,-15.92132282257081,1.56,-3.3732687693375807,1.68,-113.35378524315036
1701908661.573487,VRU_Adult_Using_Non-Motorized_Device/Prop_Other,9.145653486251838,0.75,-8.569941520690925,0.69,-3.307995855808258,1.45,-127.36971992860987
1701908661.573487,VRU_Adult_Using_Bicycle,5.459065079689033,0.89,-15.844927787780772,1.53,-3.351840674877167,1.38,-128.65224630815956
1701908661.673487,VRU_Adult_Using_Non-Motorized_Device/Prop_Other,9.164704640706388,0.75,-8.525616010030118,0.69,-3.2979067961374917,1.45,57.774653502174935
1701908661.673487,VRU_Adult_Using_Non-Motorized_Device/Prop_Other,5.644551753997811,0.97,-16.08989942073823,1.56,-3.4054736495018005,1.68,65.68255988129734
1701908661.673487,VRU_Adult_Using_Bicycle,5.483279334174271,0.89,-15.935681978861503,1.53,-3.3706896569993763,1.38,-116.73992229442447
1701908661.7734869,VRU_Adult_Using_Non-Motorized_Device/Prop_Other,5.6294390360514415,0.97,-16.13836171891955,1.56,-3.412990172704061,1.68,-103.42358327187983
1701908661.7734869,VRU_Adult_Using_Bicycle,5.459783673286447,0.89,-16.014543771743785,1.53,-3.384101927280427,1.38,-113.58971871167361
1701908661.873487,VRU_Adult_Using_Non-Motorized_Device/Prop_Other,5.59843655994961,0.97,-16.21537808009557,1.56,-3.427141904830933,1.68,74.11161322949916
1701908661.973487,VRU_Adult_Using_Non-Motorized_Device/Prop_Other,5.598195075988778,0.97,-16.256740093231212,1.56,-3.4310013949871063,1.68,81.39684933268356
1701908662.073487,VRU_Adult_Using_Non-Motorized_Device/Prop_Other,5.602884020124171,0.97,-16.378250122070323,1.56,-3.4413184097834995,1.68,-87.64647602476182
1701908662.073487,VRU_Adult_Using_Bicycle,5.461439064570844,0.89,-16.096525192260753,1.53,-3.3996651853833884,1.38,-126.64896135059024
1701908662.173487,VRU_Adult_Using_Non-Motorized_Device/Prop_Other,5.627464635031572,0.97,-16.346830912998755,1.56,-3.4333909239087785,1.68,86.71997087060124
1701908662.173487,VRU_Adult_Using_Bicycle,5.496440955570773,0.89,-16.1094823564802,1.53,-3.4043719768524174,1.38,-130.66331931451992
1701908662.2734869,VRU_Adult_Using_Non-Motorized_Device/Prop_Other,5.6475228667259305,0.97,-16.346221208572395,1.56,-3.4288332164287576,1.68,91.32377852819738
1701908662.2734869,VRU_Adult_Using_Bicycle,5.482207202911385,0.89,-16.176105880737314,1.53,-3.4160494327545172,1.38,-119.88357385693095
1701908662.373487,VRU_Adult_Using_Non-Motorized_Device/Prop_Other,5.66277183805194,0.97,-16.358758926391612,1.56,-3.4255662986210416,1.68,-74.89440072586507
1701908662.373487,VRU_Adult_Using_Bicycle,5.485982418060311,0.89,-16.224155426025398,1.53,-3.42538458108902,1.38,59.54901121994501
1701908662.473487,VRU_Adult_Using_Bicycle,5.65659246444703,0.89,-16.330579948425303,1.53,-3.424473738670349,1.38,-75.02278910011879
1701908662.573487,VRU_Adult_Using_Bicycle,5.716369199752816,0.89,-16.358905601501473,1.53,-3.423850440979004,1.38,-72.95615054993996
1701908662.673487,VRU_Adult_Using_Non-Motorized_Device/Prop_Other,5.683675765991218,0.97,-16.2436191558838,1.56,-3.430882215499879,1.68,-124.21259521293845
1701908662.673487,VRU_Adult_Using_Non-Motorized_Device/Prop_Other,5.861655235290536,0.97,-16.55760803222657,1.56,-3.4049518585205085,1.68,-85.57770241029849
1701908662.7734869,VRU_Adult_Using_Non-Motorized_Device/Prop_Other,5.731610655784614,0.97,-16.22651958465577,1.56,-3.425213813781739,1.68,-115.53776698898525
1701908662.7734869,VRU_Adult_Using_Non-Motorized_Device/Prop_Other,5.954377746582038,0.97,-16.57397460937501,1.56,-3.4444301605224616,1.68,100.96438825628495
1701908662.873487,VRU_Adult_Using_Non-Motorized_Device/Prop_Other,5.739720153808603,0.97,-16.236321640014662,1.56,-3.4314143657684335,1.68,-113.66463869484818
1701908662.873487,VRU_Adult_Using_Non-Motorized_Device/Prop_Other,5.984734807695669,0.97,-16.48973628452847,1.56,-3.437133380344936,1.68,115.45528659854175
1701908662.973487,VRU_Adult_Using_Non-Motorized_Device/Prop_Other,5.7757606506347745,0.97,-16.266142654418953,1.56,-3.4378817081451416,1.68,-105.67645028399747
1701908662.973487,VRU_Adult_Using_Non-Motorized_Device/Prop_Other,6.054887115955361,0.97,-16.51371479034425,1.56,-3.439849346876145,1.68,114.67043945223332
1701908663.073487,VRU_Adult_Using_Non-Motorized_Device/Prop_Other,5.798154711723335,0.97,-16.310104846954353,1.56,-3.462058544158935,1.68,-101.68748870718255
1701908663.073487,VRU_Adult_Using_Non-Motorized_Device/Prop_Other,6.095432281494149,0.97,-16.48185920715333,1.56,-3.4404492718832835,1.68,-55.998207478692194
1701908663.173487,VRU_Adult_Using_Non-Motorized_Device/Prop_Other,6.144650724199091,0.97,-16.53098042805991,1.56,-3.4365766048431396,1.68,135.04149519684532
1701908663.2734869,VRU_Adult_Using_Non-Motorized_Device/Prop_Other,6.1585545539856055,0.97,-16.476258850097665,1.56,-3.4327220916748056,1.68,139.56330125163427
1701908663.373487,VRU_Adult_Using_Non-Motorized_Device/Prop_Other,6.2157630920410245,0.97,-16.484915924072276,1.56,-3.429042911529541,1.68,139.08967213628642
1701908663.473487,VRU_Adult_Using_Bicycle,6.346905469894417,0.89,-16.50167155265809,1.53,-3.414611965417862,1.38,-54.16881032717227
1701908663.573487,VRU_Adult_Using_Non-Motorized_Device/Prop_Other,6.362667242685962,0.97,-16.443571514553504,1.56,-3.4144190947214765,1.68,135.69289122111869
1701908663.673487,VRU_Adult_Using_Non-Motorized_Device/Prop_Other,6.403049993515021,0.97,-16.399022674560555,1.56,-3.4157372951507567,1.68,124.39579346491702
1701908663.7734869,VRU_Adult_Using_Non-Motorized_Device/Prop_Other,6.414704084396372,0.97,-16.321239662170417,1.56,-3.40160038471222,1.68,-40.756706540555534
1701908663.873487,VRU_Adult_Using_Non-Motorized_Device/Prop_Other,6.542884588241583,0.97,-16.328289349873874,1.56,-3.378650585810344,1.68,96.45896536821577
