Timestamps,subclass,x_center,x_length,y_center,y_length,z_center,z_length,z_rotation,bin_idx
1701908996.2774189,VRU_Adult_Using_Non-Motorized_Device/Prop_Other,20.99749259948731,0.97,-3.911981582641608,1.56,-3.322972536087036,1.68,-70.23660688501599,000013
1701908996.377419,VRU_Adult_Using_Non-Motorized_Device/Prop_Other,20.996407032012947,0.97,-3.9075642824173036,1.56,-3.3226651549339294,1.68,-73.81811888665797,000014
1701908996.477419,VRU_Adult_Using_Non-Motorized_Device/Prop_Other,20.983626842498786,0.97,-3.8789242506027284,1.56,-3.319897949695587,1.68,-70.7914943005301,000015
1701908996.5774188,VRU_Adult_Using_Non-Motorized_Device/Prop_Other,20.985056877136238,0.97,-3.9407027363777223,1.56,-3.321896493434907,1.68,-76.21286081587982,000016
1701908997.977419,VRU_Adult_Using_Non-Motorized_Device/Prop_Other,20.97106870015463,0.97,-3.828930934270229,1.56,-3.2426580588022866,1.68,101.63185682361787,000030
1701908998.0774188,VRU_Adult_Using_Non-Motorized_Device/Prop_Other,20.99698638916016,0.97,-3.9118349154790297,1.56,-3.1841232379277553,1.68,101.71126688383427,000031
1701908998.177419,VRU_Adult_Using_Non-Motorized_Device/Prop_Other,21.002291917800907,0.97,-3.929304212331778,1.56,-3.2383434176445007,1.68,102.26786408283115,000032
1701908998.2774189,VRU_Adult_Using_Non-Motorized_Device/Prop_Other,20.96758079528809,0.97,-3.9434263441297808,1.56,-3.164098580678304,1.68,124.36471575334116,000033
1701908998.377419,VRU_Adult_Using_Non-Motorized_Device/Prop_Other,20.945010715060768,0.97,-3.9186754756503697,1.56,-3.1622488233778214,1.68,-41.8788303771392,000034
1701908998.477419,VRU_Adult_Using_Non-Motorized_Device/Prop_Other,20.939041137695316,0.97,-3.9012245110103123,1.56,-3.1529596873692105,1.68,101.83805547684521,000035
1701908998.5774188,VRU_Adult_Using_Non-Motorized_Device/Prop_Other,20.91299962997437,0.97,-3.8687064349651394,1.56,-3.1629389524459843,1.68,119.60047356533849,000036
1701908998.677419,VRU_Adult_Using_Non-Motorized_Device/Prop_Other,20.869447163173135,0.97,-3.8461043153490393,1.56,-3.131347758429391,1.68,131.42444144273475,000037
1701908998.7774189,VRU_Adult_Using_Non-Motorized_Device/Prop_Other,20.804840803146366,0.97,-3.7575085163116517,1.56,-3.177356868982315,1.68,-46.009424128129496,000038
1701908998.877419,VRU_Adult_Using_Non-Motorized_Device/Prop_Other,20.78474871317546,0.97,-3.7335739930470844,1.56,-3.1897283792495728,1.68,134.58868641454063,000039
1701908998.977419,VRU_Adult_Using_Non-Motorized_Device/Prop_Other,20.788146972656254,0.97,-3.651441017786668,1.56,-3.1945116122563686,1.68,119.27274955178969,000040
1701908999.0774188,VRU_Adult_Using_Non-Motorized_Device/Prop_Other,20.874851989746098,0.97,-3.7092266559600895,1.56,-3.2887734889984137,1.68,-50.701419806656226,000041
1701908999.177419,VRU_Adult_Using_Non-Motorized_Device/Prop_Other,20.82402483622234,0.97,-3.6101072629292865,1.56,-3.228996038436889,1.68,158.7420682416613,000042
1701908999.5774188,VRU_Adult_Using_Non-Motorized_Device/Prop_Other,20.800179958343513,0.97,-3.3742144703865113,1.56,-3.1549278497695923,1.68,142.734419376068,000046
1701908999.977419,VRU_Adult_Using_Non-Motorized_Device/Prop_Other,20.816612625122076,0.97,-3.2643587112426813,1.56,-3.1655460834503177,1.68,-27.087315914956626,000050
1701908999.977419,VRU_Adult_Using_Non-Motorized_Device/Prop_Other,23.353898713082977,0.97,-15.365801189884994,1.56,-3.2316937518842286,1.68,100.54602684105478,000050
1701909000.0774188,VRU_Adult_Using_Non-Motorized_Device/Prop_Other,20.835634549458828,0.97,-3.216220537821458,1.56,-3.314337968826294,1.68,-66.6946243362055,000051
1701909000.177419,VRU_Adult_Using_Non-Motorized_Device/Prop_Other,20.77500953674317,0.97,-3.126798820495611,1.56,-3.27730712890625,1.68,136.874558446243,000052
1701909000.2774189,VRU_Adult_Using_Non-Motorized_Device/Prop_Other,20.781547546386722,0.97,-3.09607088565827,1.56,-3.240298946698507,1.68,99.14183500531104,000053
1701909000.377419,VRU_Adult_Using_Non-Motorized_Device/Prop_Other,20.774350847516747,0.97,-3.0757097857339097,1.56,-3.3056607586996902,1.68,106.71401188757851,000054
1701909000.477419,VRU_Adult_Using_Non-Motorized_Device/Prop_Other,20.706245803833013,0.97,-3.015962743759161,1.56,-3.14973545074463,1.68,-41.13940798525705,000055
1701909000.477419,VRU_Adult_Using_Non-Motorized_Device/Prop_Other,22.074876091697,0.97,-9.334501559084112,1.56,-3.018441817977211,1.68,-73.92169034310811,000055
1701909000.677419,VRU_Adult_Using_Non-Motorized_Device/Prop_Other,20.708015441894535,0.97,-2.9340407848358216,1.56,-3.2323398249489927,1.68,126.70069723912069,000057
1701909000.7774189,VRU_Adult_Using_Non-Motorized_Device/Prop_Other,20.73567390441895,0.97,-2.877637922763829,1.56,-3.3997132182121277,1.68,105.79722521122025,000058
1701909001.977419,VRU_Adult_Using_Non-Motorized_Device/Prop_Other,20.597820663452154,0.97,-2.089444160461431,1.56,-3.1366626739501955,1.68,93.38101818099778,000070
1701909002.177419,VRU_Adult_Using_Non-Motorized_Device/Prop_Other,20.540015538533535,0.97,-2.0073572397232105,1.56,-3.1792813142140712,1.68,119.87256233695524,000072
1701909002.177419,VRU_Adult_Using_Non-Motorized_Device/Prop_Other,23.83021821646855,0.75,-24.448168984774885,0.69,-2.952802074366602,1.45,162.8303267048496,000072
1701909002.477419,VRU_Adult_Using_Non-Motorized_Device/Prop_Other,23.739925146102905,0.75,-24.58236300945282,0.69,-2.9892760962247835,1.45,147.88031280146274,000075
1701909002.477419,VRU_Adult_Using_Non-Motorized_Device/Prop_Other,20.83772659301758,0.97,-1.7401698610999377,1.56,-3.183477213888457,1.68,107.02103937978673,000075
1701909005.0774188,VRU_Adult_Using_Non-Motorized_Device/Prop_Other,20.43074359893799,0.97,0.25559079299370163,1.56,-3.455188067754109,1.68,119.7530506891726,000101
1701909012.7774189,VRU_Adult_Using_Bicycle,11.343624408428493,0.89,-2.21994718221518,1.53,-3.396305175927968,1.38,85.79451283031983,000178
1701909014.5774188,VRU_Adult_Using_Non-Motorized_Device/Prop_Other,20.191167658025567,0.97,3.3914088552648347,1.56,-3.444741942665793,1.68,-139.67671970297093,000196
1701909014.677419,VRU_Adult_Using_Non-Motorized_Device/Prop_Other,20.101308005196707,0.97,3.272491642407005,1.56,-3.5462939739227286,1.68,-135.9200907801744,000197
1701909014.7774189,VRU_Adult_Using_Non-Motorized_Device/Prop_Other,20.035195895603728,0.97,3.255772539547509,1.56,-3.634809511048452,1.68,-139.8955405509164,000198
1701909017.477419,VRU_Adult_Using_Bicycle,11.416872024536138,0.96,-2.6880136330922504,1.64,-3.283427874247234,1.65,-86.3199479647239,000225
1701909021.5774188,VRU_Adult_Using_Bicycle,11.44373512268067,0.89,-2.5896474520365476,1.53,-3.4825239976247153,1.38,76.07588063661069,000266
1701909021.677419,VRU_Adult_Using_Bicycle,11.419547716776535,0.89,-2.6878716150919657,1.53,-3.2841467857360844,1.38,-75.30555543027418,000267
1701909025.677419,VRU_Adult_Using_Non-Motorized_Device/Prop_Other,10.051123074122842,0.97,26.814670290265763,1.56,-4.42954397201538,1.68,118.1007409770929,000307
1701909025.977419,Passenger_Vehicle,10.430042684078218,2.6,24.77995014190674,5.08,-4.21091330051422,1.85,100.61597600281829,000310
1701909026.177419,Passenger_Vehicle,10.527932643890384,2.6,24.104041186246004,5.08,-4.121161536736921,1.85,104.82618967798035,000312
1701909026.7774189,Passenger_Vehicle,11.71631935664586,2.6,19.4751033782959,5.08,-3.7533993891307276,1.85,-63.63503772961118,000318
1701909027.0774188,VRU_Adult_Using_Non-Motorized_Device/Prop_Other,20.85478314486417,0.97,-1.4027605761181257,1.56,-3.2352516434409395,1.68,85.07003394019279,000321
1701909027.2774189,VRU_Adult_Using_Non-Motorized_Device/Prop_Other,20.70658175150554,0.97,-1.873600006103521,1.56,-3.272001266479492,1.68,145.78480736224404,000323
1701909027.377419,VRU_Adult_Using_Non-Motorized_Device/Prop_Other,20.6980905532837,0.97,-1.8875211477279714,1.56,-3.2686549425125127,1.68,127.89281400483782,000324
1701909027.377419,VRU_Adult_Using_Non-Motorized_Device/Prop_Other,23.52209729733675,0.75,-24.630639200625218,0.69,-3.191186625024547,1.45,62.115287298135925,000324
1701909027.477419,VRU_Adult_Using_Non-Motorized_Device/Prop_Other,20.74911155700684,0.97,-2.028364992141729,1.56,-3.3739207744598394,1.68,-46.63245905413958,000325
1701909027.477419,VRU_Adult_Using_Non-Motorized_Device/Prop_Other,23.55784625391807,0.75,-24.57618811822707,0.69,-3.1715005136305288,1.45,53.776880236626866,000325
1701909027.5774188,VRU_Adult_Using_Non-Motorized_Device/Prop_Other,20.7534408569336,0.97,-2.092074096202856,1.56,-3.4046263098716736,1.68,-45.175258341756226,000326
1701909027.5774188,VRU_Adult_Using_Non-Motorized_Device/Prop_Other,23.58104719434466,0.75,-24.524542740413125,0.69,-3.1561865976878574,1.45,50.02438944174685,000326
1701909027.677419,VRU_Adult_Using_Non-Motorized_Device/Prop_Other,20.698328495025642,0.97,-2.1034927368164116,1.56,-3.3883204460144043,1.68,109.59442809022353,000327
1701909027.7774189,VRU_Adult_Using_Non-Motorized_Device/Prop_Other,20.696385247366774,0.97,-2.0919166292463087,1.56,-3.409795045852661,1.68,109.26705776432284,000328
1701909027.877419,VRU_Adult_Using_Non-Motorized_Device/Prop_Other,20.701866531372076,0.97,-2.1304844856262255,1.56,-3.4611559391021736,1.68,-72.55514538986768,000329
1701909027.977419,VRU_Adult_Using_Non-Motorized_Device/Prop_Other,20.68289279937745,0.97,-2.112314581871038,1.56,-3.3177828192710876,1.68,-48.2069575433385,000330
1701909028.0774188,VRU_Adult_Using_Non-Motorized_Device/Prop_Other,23.719886595203032,0.75,-24.32857771842711,0.69,-2.999437662862962,1.45,159.3469765175202,000331
1701909028.177419,VRU_Adult_Using_Non-Motorized_Device/Prop_Other,20.66160697937012,0.97,-2.009869027137762,1.56,-3.376032328605652,1.68,103.12154185707749,000332
1701909028.2774189,VRU_Adult_Using_Non-Motorized_Device/Prop_Other,20.702853838602707,0.97,-2.26821386814118,1.56,-3.4540973901748657,1.68,123.22437946355183,000333
1701909028.377419,VRU_Adult_Using_Non-Motorized_Device/Prop_Other,20.66547881232368,0.97,-2.0912031994925657,1.56,-3.350333478715685,1.68,103.87283382869563,000334
1701909028.477419,VRU_Adult_Using_Non-Motorized_Device/Prop_Other,20.718805154164635,0.97,-2.1822985013326064,1.56,-3.3913755218187966,1.68,107.23204742844729,000335
1701909028.5774188,VRU_Adult_Using_Non-Motorized_Device/Prop_Other,20.69246758355035,0.97,-2.179023994339842,1.56,-3.328544166353014,1.68,104.44652339233794,000336
1701909028.677419,VRU_Adult_Using_Non-Motorized_Device/Prop_Other,20.679499732123485,0.97,-2.156472484270737,1.56,-3.318705505794949,1.68,104.50623812662732,000337
1701909028.7774189,VRU_Adult_Using_Non-Motorized_Device/Prop_Other,20.72194203463468,0.97,-2.319887692278087,1.56,-3.3815268603238193,1.68,103.3185852078847,000338
1701909028.877419,VRU_Adult_Using_Non-Motorized_Device/Prop_Other,20.72861194610596,0.97,-2.3438648581504884,1.56,-3.3862341046333313,1.68,105.9289051602448,000339
1701909028.977419,VRU_Adult_Using_Non-Motorized_Device/Prop_Other,20.755767549787254,0.97,-2.5730641569410104,1.56,-3.4317910671234135,1.68,103.65060944478205,000340
1701909029.0774188,VRU_Adult_Using_Non-Motorized_Device/Prop_Other,20.76872117178781,0.97,-2.6197706631251805,1.56,-3.441955327987671,1.68,-76.52307429748106,000341
1701909029.177419,VRU_Adult_Using_Non-Motorized_Device/Prop_Other,20.78762499491374,0.97,-2.699454042646626,1.56,-3.4650125768449573,1.68,-65.52954036182356,000342
1701909029.2774189,VRU_Adult_Using_Non-Motorized_Device/Prop_Other,20.78327015468053,0.97,-2.6404188701084736,1.56,-3.3846473693847656,1.68,97.61299631922219,000343
1701909029.2774189,VRU_Adult_Using_Non-Motorized_Device/Prop_Other,23.724453994206023,0.75,-23.902140753609796,0.69,-3.0857406684330537,1.45,-128.4421670558811,000343
1701909029.377419,VRU_Adult_Using_Non-Motorized_Device/Prop_Other,20.77897453308106,0.97,-2.6796278953552286,1.56,-3.3735252618789677,1.68,115.80187759576093,000344
1701909029.377419,VRU_Adult_Using_Non-Motorized_Device/Prop_Other,23.764996528625492,0.75,-23.892455321091877,0.69,-3.1450682236598086,1.45,-132.59619189457447,000344
1701909029.477419,VRU_Adult_Using_Non-Motorized_Device/Prop_Other,20.789319610595708,0.97,-2.7427636623382634,1.56,-3.4312875747680662,1.68,-74.47287397650214,000345
1701909029.477419,VRU_Adult_Using_Non-Motorized_Device/Prop_Other,23.80005280176799,0.75,-23.788679917653408,0.69,-3.011357009410858,1.45,-131.83795746778586,000345
1701909029.5774188,VRU_Adult_Using_Non-Motorized_Device/Prop_Other,20.78108406066895,0.97,-2.753003869737903,1.56,-3.3976383549826488,1.68,-64.05658866920766,000346
1701909029.5774188,VRU_Adult_Using_Non-Motorized_Device/Prop_Other,23.803161987891567,0.75,-23.737002372741703,0.69,-2.9687144389519324,1.45,-89.6422742525985,000346
1701909029.677419,VRU_Adult_Using_Non-Motorized_Device/Prop_Other,20.804364204406742,0.97,-2.795681595802313,1.56,-3.445363998413086,1.68,113.59255243929393,000347
1701909029.7774189,VRU_Adult_Using_Non-Motorized_Device/Prop_Other,20.793068779839412,0.97,-2.68065237998963,1.56,-3.401725583606296,1.68,101.43335647777329,000348
1701909029.7774189,VRU_Adult_Using_Non-Motorized_Device/Prop_Other,23.82574088485153,0.75,-23.685329931753657,0.69,-3.008276383082072,1.45,96.92072697697803,000348
1701909029.877419,VRU_Adult_Using_Non-Motorized_Device/Prop_Other,20.809229469299318,0.97,-2.767447614669806,1.56,-3.405008578300476,1.68,102.74716821932203,000349
1701909029.977419,VRU_Adult_Using_Non-Motorized_Device/Prop_Other,20.798774892633613,0.97,-2.7706606388092094,1.56,-3.3889835964549673,1.68,101.58519578549898,000350
1701909030.0774188,VRU_Adult_Using_Non-Motorized_Device/Prop_Other,20.823022255530727,0.97,-2.810387244591352,1.56,-3.378649619909434,1.68,97.80197476226584,000351
1701909030.0774188,VRU_Adult_Using_Non-Motorized_Device/Prop_Other,23.80508966799136,0.75,-23.583032396104606,0.69,-3.0812571048736577,1.45,74.08445796157417,000351
1701909030.177419,VRU_Adult_Using_Non-Motorized_Device/Prop_Other,20.80755765097482,0.97,-2.7502753564289697,1.56,-3.341287732124329,1.68,96.37764948513296,000352
1701909030.177419,VRU_Adult_Using_Non-Motorized_Device/Prop_Other,23.783763037787548,0.75,-23.571336816858366,0.69,-3.1201233245708324,1.45,-135.99708550404884,000352
1701909030.177419,Passenger_Vehicle,13.872627321879072,2.6,-3.55729786554973,5.08,-3.726899766921997,1.85,-172.7577291903224,000352
1701909030.2774189,VRU_Adult_Using_Non-Motorized_Device/Prop_Other,20.834689573808152,0.97,-2.907735391096642,1.56,-3.3756863203915684,1.68,101.03348006308637,000353
1701909030.2774189,VRU_Adult_Using_Non-Motorized_Device/Prop_Other,23.764986108850554,0.75,-23.54639053344727,0.69,-3.1143740283118353,1.45,-127.61394296415628,000353
1701909030.2774189,Passenger_Vehicle,11.738823678758415,2.6,-5.4327168862024955,5.08,-3.612259692615932,1.85,98.008304008741,000353
1701909030.377419,VRU_Adult_Using_Non-Motorized_Device/Prop_Other,20.815684159596763,0.97,-2.8426458239555417,1.56,-3.3862767219543457,1.68,-73.92451377275123,000354
1701909030.377419,VRU_Adult_Using_Non-Motorized_Device/Prop_Other,23.77131454761212,0.75,-23.502635442293613,0.69,-3.1173552458102893,1.45,-136.27905968993136,000354
1701909030.477419,VRU_Adult_Using_Non-Motorized_Device/Prop_Other,20.832710266113285,0.97,-2.9740273687574663,1.56,-3.4156205389234757,1.68,101.26420696776746,000355
1701909030.5774188,VRU_Adult_Using_Non-Motorized_Device/Prop_Other,20.816452980041507,0.97,-3.00563314557076,1.56,-3.359408408403397,1.68,103.51555943709006,000356
1701909030.5774188,Passenger_Vehicle,12.59710820515951,2.6,-5.690474160512295,5.08,-3.7200611273447675,1.85,176.63529464785867,000356
1701909030.677419,VRU_Adult_Using_Non-Motorized_Device/Prop_Other,20.851947572496204,0.97,-3.0350717438591905,1.56,-3.3871946069929337,1.68,99.28141374618751,000357
1701909030.7774189,VRU_Adult_Using_Non-Motorized_Device/Prop_Other,20.858056068420414,0.97,-3.1129843235015935,1.56,-3.372561144828797,1.68,99.71926594060035,000358
1701909030.7774189,VRU_Adult_Using_Bicycle,11.68311388596245,0.89,-6.294109665829202,1.53,-3.6426062376602824,1.38,93.23550674347716,000358
1701909030.877419,VRU_Adult_Using_Non-Motorized_Device/Prop_Other,20.85925795815208,0.97,-3.2178861227902558,1.56,-3.398908029903066,1.68,100.28463819532645,000359
1701909030.877419,VRU_Adult_Using_Non-Motorized_Device/Prop_Other,23.854910108778217,0.75,-23.488151409007887,0.69,-3.0579625765482583,1.45,-140.4090578239246,000359
1701909030.877419,VRU_Adult_Using_Bicycle,11.599018446604415,0.89,-6.484442504247031,1.53,-3.7313809951146437,1.38,90.94137312045197,000359
1701909030.977419,VRU_Adult_Using_Non-Motorized_Device/Prop_Other,20.86682748794556,0.97,-3.3245824873447476,1.56,-3.401714682579041,1.68,100.33454176350594,000360
1701909030.977419,VRU_Adult_Using_Non-Motorized_Device/Prop_Other,23.868242051866325,0.75,-23.452564168859414,0.69,-3.03747088820846,1.45,-140.86703322633886,000360
1701909030.977419,Passenger_Vehicle,10.50655765533448,2.6,-8.836573727925629,5.08,-3.9988777160644533,1.85,34.1660886288855,000360
1701909031.0774188,VRU_Adult_Using_Non-Motorized_Device/Prop_Other,20.86499538421631,0.97,-3.2770887136459406,1.56,-3.3946821212768556,1.68,97.41775091883984,000361
1701909031.0774188,VRU_Adult_Using_Non-Motorized_Device/Prop_Other,23.84717957178752,0.75,-23.47742136319479,0.69,-3.083382308483124,1.45,-129.66898250944368,000361
1701909031.177419,VRU_Adult_Using_Non-Motorized_Device/Prop_Other,20.83303938971626,0.97,-3.200112501780198,1.56,-3.3457054826948376,1.68,89.5941735117751,000362
1701909031.177419,VRU_Adult_Using_Non-Motorized_Device/Prop_Other,23.874563966478625,0.75,-23.466308661869597,0.69,-3.0140994616917207,1.45,-136.90561995387304,000362
1701909031.177419,Passenger_Vehicle,9.899937479119558,2.6,-8.995341250770977,5.08,-3.8528232448979427,1.85,-133.79378923414197,000362
1701909031.2774189,VRU_Adult_Using_Non-Motorized_Device/Prop_Other,20.86190986633301,0.97,-3.3754985809326237,1.56,-3.3587637901306158,1.68,97.55066355076443,000363
1701909031.2774189,VRU_Adult_Using_Non-Motorized_Device/Prop_Other,23.885009568313077,0.75,-23.498458928075333,0.69,-3.047954896400715,1.45,-132.66263870762322,000363
1701909031.2774189,Passenger_Vehicle,9.739580717953773,2.6,-9.043498949571095,5.08,-4.039428017356179,1.85,65.62989993433558,000363
1701909031.2774189,VRU_Adult_Using_Non-Motorized_Device/Prop_Other,9.835812898782585,0.97,-6.8315562239060075,1.56,-3.612244450128995,1.68,71.51583995188349,000363
1701909031.377419,VRU_Adult_Using_Non-Motorized_Device/Prop_Other,20.846982479095463,0.97,-3.3491728007793484,1.56,-3.3199372887611394,1.68,91.42406495548124,000364
1701909031.377419,VRU_Adult_Using_Non-Motorized_Device/Prop_Other,23.87413208825248,0.75,-23.50302042279925,0.69,-3.051857726914542,1.45,-111.46910879721989,000364
1701909031.477419,VRU_Adult_Using_Non-Motorized_Device/Prop_Other,20.85450469122993,0.97,-3.333759228388475,1.56,-3.30623025364346,1.68,92.46206879176115,000365
1701909031.477419,VRU_Adult_Using_Non-Motorized_Device/Prop_Other,23.876084820977578,0.75,-23.50250961040629,0.69,-3.037675249165502,1.45,-130.52643560207656,000365
1701909031.5774188,VRU_Adult_Using_Non-Motorized_Device/Prop_Other,20.8831598493788,0.97,-3.493335141075988,1.56,-3.379676792356703,1.68,96.76459871791805,000366
1701909031.5774188,VRU_Adult_Using_Non-Motorized_Device/Prop_Other,23.86788161595663,0.75,-23.524282932281498,0.69,-3.0557941496372223,1.45,-132.22902723915618,000366
1701909031.677419,VRU_Adult_Using_Non-Motorized_Device/Prop_Other,20.869506835937504,0.97,-3.3016099713065468,1.56,-3.3337785330685707,1.68,96.91116529926046,000367
1701909031.677419,VRU_Adult_Using_Non-Motorized_Device/Prop_Other,23.884560312543602,0.75,-23.50292655399868,0.69,-3.0428771121161327,1.45,-140.2766344807104,000367
1701909031.677419,VRU_Adult_Using_Non-Motorized_Device/Prop_Other,21.03651337396531,0.97,-3.1149481591724206,1.56,-3.147160552796863,1.68,-92.41360773481503,000367
1701909031.7774189,VRU_Adult_Using_Non-Motorized_Device/Prop_Other,20.865750206841366,0.97,-3.293757147259188,1.56,-3.370602448781332,1.68,-74.363785183728,000368
1701909031.7774189,VRU_Adult_Using_Non-Motorized_Device/Prop_Other,23.86745628356934,0.75,-23.504838638305667,0.69,-3.019424467086792,1.45,-125.77560574528954,000368
1701909031.877419,VRU_Adult_Using_Non-Motorized_Device/Prop_Other,20.858236459585342,0.97,-3.2133301771604157,1.56,-3.2313093405503492,1.68,-75.52015384477957,000369
1701909031.877419,VRU_Adult_Using_Non-Motorized_Device/Prop_Other,23.876488685607914,0.75,-23.50707618395488,0.69,-3.0325105488300323,1.45,-137.95817857394078,000369
1701909031.977419,VRU_Adult_Using_Non-Motorized_Device/Prop_Other,20.842280821366746,0.97,-3.240510897202931,1.56,-3.1901258772069756,1.68,-72.18775452665167,000370
1701909031.977419,VRU_Adult_Using_Non-Motorized_Device/Prop_Other,23.885364269388138,0.75,-23.52656745910645,0.69,-3.0361130319792653,1.45,-127.65803596137505,000370
1701909032.0774188,VRU_Adult_Using_Non-Motorized_Device/Prop_Other,20.873083591461185,0.97,-3.3428025245666557,1.56,-3.380987445513408,1.68,-79.8835091246367,000371
1701909032.0774188,VRU_Adult_Using_Non-Motorized_Device/Prop_Other,23.861304356501655,0.75,-23.50948238372803,0.69,-3.027577730325552,1.45,-129.80466851734957,000371
1701909032.0774188,VRU_Adult_Using_Non-Motorized_Device/Prop_Other,21.704051824716423,0.97,-7.859043011298547,1.56,-3.146604602153484,1.68,-74.99257368780647,000371
1701909032.177419,VRU_Adult_Using_Non-Motorized_Device/Prop_Other,20.85725784301758,0.97,-3.4087123870849663,1.56,-3.362511266361584,1.68,-78.52417841415291,000372
1701909032.177419,VRU_Adult_Using_Non-Motorized_Device/Prop_Other,23.886466838695387,0.75,-23.516893740053533,0.69,-3.0400421354505758,1.45,-132.72333748718,000372
1701909032.2774189,VRU_Adult_Using_Non-Motorized_Device/Prop_Other,20.860056638717655,0.97,-3.49853882193566,1.56,-3.3066580593585972,1.68,-78.00050148853197,000373
1701909032.2774189,VRU_Adult_Using_Non-Motorized_Device/Prop_Other,23.866276447589584,0.75,-23.513122925391567,0.69,-3.025122862595779,1.45,-135.87475679562843,000373
1701909032.2774189,VRU_Adult_Using_Non-Motorized_Device/Prop_Other,21.03049746426669,0.97,-3.3337050676345843,1.56,-3.0998578938570884,1.68,-82.13559856737277,000373
1701909032.377419,VRU_Adult_Using_Non-Motorized_Device/Prop_Other,20.838035583496097,0.97,-3.466096520423896,1.56,-3.272239406903585,1.68,102.77014619133766,000374
1701909032.377419,VRU_Adult_Using_Non-Motorized_Device/Prop_Other,23.885020119803297,0.75,-23.51005704062326,0.69,-3.0323035546711514,1.45,-132.35814342743373,000374
1701909032.477419,VRU_Adult_Using_Non-Motorized_Device/Prop_Other,20.839254379272464,0.97,-3.5885843700832845,1.56,-3.396173768573337,1.68,-75.38878694799496,000375
1701909032.477419,VRU_Adult_Using_Non-Motorized_Device/Prop_Other,23.877197265625004,0.75,-23.53491994312832,0.69,-3.0464864373207092,1.45,-141.50895858046562,000375
1701909032.477419,VRU_Adult_Using_Non-Motorized_Device/Prop_Other,21.90327190217518,0.97,-9.085061005183631,1.56,-3.1165662947155175,1.68,-74.98293147108242,000375
1701909032.5774188,VRU_Adult_Using_Non-Motorized_Device/Prop_Other,20.88173375810896,0.97,-3.6816974026816296,1.56,-3.3060631070818225,1.68,-79.82202513810856,000376
1701909032.5774188,VRU_Adult_Using_Non-Motorized_Device/Prop_Other,23.876737515131637,0.75,-23.499100844065353,0.69,-3.030936181545258,1.45,-136.09697970547154,000376
1701909032.677419,VRU_Adult_Using_Non-Motorized_Device/Prop_Other,20.889831331041126,0.97,-3.7332782215542326,1.56,-3.3737325933244495,1.68,-81.89741123789008,000377
1701909032.677419,VRU_Adult_Using_Non-Motorized_Device/Prop_Other,23.869761657714847,0.75,-23.526025695800787,0.69,-3.055051441192627,1.45,-136.09984787798135,000377
1701909032.7774189,VRU_Adult_Using_Non-Motorized_Device/Prop_Other,20.901973936292862,0.97,-3.765007230970601,1.56,-3.323149469163683,1.68,95.73235458510831,000378
1701909032.7774189,VRU_Adult_Using_Non-Motorized_Device/Prop_Other,23.873232444127407,0.75,-23.51005641619365,0.69,-3.0354756712913513,1.45,-128.95591615474552,000378
1701909032.877419,VRU_Adult_Using_Non-Motorized_Device/Prop_Other,20.88738822937012,0.97,-3.816728221045606,1.56,-3.3365345001220703,1.68,89.65605187717544,000379
1701909032.877419,VRU_Adult_Using_Non-Motorized_Device/Prop_Other,23.875988960266117,0.75,-23.512972627367297,0.69,-3.0488378235272,1.45,-135.50611495925298,000379
1701909032.977419,VRU_Adult_Using_Non-Motorized_Device/Prop_Other,20.89642784812234,0.97,-3.896390698172836,1.56,-3.406032518907027,1.68,91.00780192744584,000380
1701909032.977419,VRU_Adult_Using_Non-Motorized_Device/Prop_Other,23.889152244285306,0.75,-23.511749126293044,0.69,-3.0190165484393083,1.45,-147.71355064525957,000380
1701909033.0774188,VRU_Adult_Using_Non-Motorized_Device/Prop_Other,20.890386234630242,0.97,-3.808162212371832,1.56,-3.3448317050933842,1.68,90.49382449533117,000381
1701909033.0774188,VRU_Adult_Using_Non-Motorized_Device/Prop_Other,23.87284224373954,0.75,-23.528131280626575,0.69,-3.0346067207200185,1.45,-131.93908530642753,000381
1701909033.177419,VRU_Adult_Using_Non-Motorized_Device/Prop_Other,20.890938325361773,0.97,-3.781482002951888,1.56,-3.3330199501731177,1.68,91.71967414916816,000382
1701909033.177419,VRU_Adult_Using_Non-Motorized_Device/Prop_Other,23.85936722388635,0.75,-23.512255448561454,0.69,-3.0298394606663637,1.45,-127.28299382040811,000382
1701909033.2774189,VRU_Adult_Using_Non-Motorized_Device/Prop_Other,20.89969940185547,0.97,-3.7920290470123357,1.56,-3.3449599266052252,1.68,91.23208107570056,000383
1701909033.2774189,VRU_Adult_Using_Non-Motorized_Device/Prop_Other,23.871612475468567,0.75,-23.517822559063255,0.69,-3.020214832746066,1.45,-143.53756769929234,000383
1701909033.2774189,VRU_Adult_Using_Non-Motorized_Device/Prop_Other,21.804557936532156,0.97,-8.542317935398646,1.56,-3.1020111867359703,1.68,-74.94300070746664,000383
1701909033.377419,VRU_Adult_Using_Non-Motorized_Device/Prop_Other,20.882649421691898,0.97,-3.7532061576843327,1.56,-3.357292819023132,1.68,95.58547236413074,000384
1701909033.377419,VRU_Adult_Using_Non-Motorized_Device/Prop_Other,23.878958555368282,0.75,-23.51109644082877,0.69,-3.0354464604304385,1.45,-144.19630612241434,000384
1701909033.477419,VRU_Adult_Using_Non-Motorized_Device/Prop_Other,20.89380518595378,0.97,-3.618384626176627,1.56,-3.2111420366499166,1.68,-76.51262842322998,000385
1701909033.477419,VRU_Adult_Using_Non-Motorized_Device/Prop_Other,23.880392221304092,0.75,-23.52110305199257,0.69,-3.0388568272957435,1.45,-136.94124574328495,000385
1701909033.5774188,VRU_Adult_Using_Non-Motorized_Device/Prop_Other,20.882360458374027,0.97,-3.6673895517985082,1.56,-3.249763727188111,1.68,-79.7908317981198,000386
1701909033.5774188,VRU_Adult_Using_Non-Motorized_Device/Prop_Other,23.872028503417972,0.75,-23.50845565795899,0.69,-3.0333304977416997,1.45,-140.64280855341005,000386
1701909033.677419,VRU_Adult_Using_Non-Motorized_Device/Prop_Other,20.890739440917972,0.97,-3.6860440117972297,1.56,-3.282747064317976,1.68,-78.72714088021908,000387
1701909033.677419,VRU_Adult_Using_Non-Motorized_Device/Prop_Other,23.875008216271038,0.75,-23.53861023829534,0.69,-3.05596517599546,1.45,-147.01911278035004,000387
1701909033.677419,VRU_Adult_Using_Non-Motorized_Device/Prop_Other,21.673067695216133,0.97,-7.782894121973141,1.56,-3.0775020122528067,1.68,-74.8583844703139,000387
1701909033.7774189,VRU_Adult_Using_Non-Motorized_Device/Prop_Other,20.863569532121936,0.97,-3.6663298266274658,1.56,-3.2398907457079207,1.68,-82.6601282652066,000388
1701909033.7774189,VRU_Adult_Using_Non-Motorized_Device/Prop_Other,23.888147440823648,0.75,-23.507048173384238,0.69,-2.9610717513344507,1.45,-135.65977777904803,000388
1701909033.7774189,VRU_Adult_Using_Non-Motorized_Device/Prop_Other,21.900725137619744,0.97,-9.278242451804028,1.56,-3.0281474590301505,1.68,-74.90242665621463,000388
1701909033.7774189,VRU_Adult_Using_Bicycle,11.265899181365972,0.96,-2.9530179500579905,1.64,-3.2731164097785954,1.65,63.222551836716185,000388
1701909033.877419,VRU_Adult_Using_Non-Motorized_Device/Prop_Other,20.869585037231452,0.97,-3.6457161903381405,1.56,-3.2170380115509025,1.68,-85.45911299497789,000389
1701909033.877419,VRU_Adult_Using_Non-Motorized_Device/Prop_Other,23.877603447955593,0.75,-23.509217386660374,0.69,-3.0571865309839663,1.45,-151.9750174811564,000389
1701909033.877419,VRU_Adult_Using_Bicycle,11.125304222106939,0.96,-3.193437457084662,1.64,-3.3235678076744084,1.65,-111.24948875321041,000389
1701909033.977419,VRU_Adult_Using_Non-Motorized_Device/Prop_Other,20.875597000122074,0.97,-3.6824397643407245,1.56,-3.2768129905064907,1.68,-81.53964805207951,000390
1701909033.977419,VRU_Adult_Using_Non-Motorized_Device/Prop_Other,23.885315288196917,0.75,-23.510371121493257,0.69,-2.9605311805551704,1.45,-144.10375343942766,000390
1701909034.0774188,VRU_Adult_Using_Non-Motorized_Device/Prop_Other,20.851285934448246,0.97,-3.7185599122728683,1.56,-3.256967817034041,1.68,-70.04550995079182,000391
1701909034.0774188,VRU_Adult_Using_Non-Motorized_Device/Prop_Other,23.855154491606218,0.75,-23.493924095517116,0.69,-2.9737375804356168,1.45,-148.93436441506543,000391
1701909034.0774188,VRU_Adult_Using_Non-Motorized_Device/Prop_Other,22.112290191650395,0.97,-10.567008781433108,1.56,-3.0508891940116873,1.68,-75.23431304983833,000391
1701909034.177419,VRU_Adult_Using_Non-Motorized_Device/Prop_Other,20.834702682495124,0.97,-3.6703557968139697,1.56,-3.148762702941895,1.68,103.92434436556319,000392
1701909034.177419,VRU_Adult_Using_Non-Motorized_Device/Prop_Other,23.888612160315883,0.75,-23.503320327171917,0.69,-2.954991258107699,1.45,-141.98528756514443,000392
1701909034.2774189,VRU_Adult_Using_Non-Motorized_Device/Prop_Other,20.89150123596192,0.97,-3.7202387332916325,1.56,-3.274569272994995,1.68,-88.23951826094765,000393
1701909034.2774189,VRU_Adult_Using_Non-Motorized_Device/Prop_Other,23.87346864783246,0.75,-23.494729083517328,0.69,-2.9926628340845522,1.45,-130.23818037384476,000393
1701909034.2774189,VRU_Adult_Using_Non-Motorized_Device/Prop_Other,21.928722472417924,0.97,-9.286559388751076,1.56,-3.029975346156528,1.68,-75.12988674459041,000393
1701909034.2774189,VRU_Adult_Using_Bicycle,10.771499633789068,0.96,-3.681142250696824,1.64,-3.508860508600872,1.65,-109.01858628453752,000393
1701909034.377419,VRU_Adult_Using_Non-Motorized_Device/Prop_Other,20.873968887329106,0.97,-3.7246819019317683,1.56,-3.2298135280609137,1.68,-71.89112183035164,000394
1701909034.377419,VRU_Adult_Using_Non-Motorized_Device/Prop_Other,23.868052058749733,0.75,-23.512776692708336,0.69,-3.008154723379347,1.45,-144.0630327407858,000394
1701909034.377419,VRU_Adult_Using_Bicycle,10.655467351277673,0.96,-3.9113385677337718,1.64,-3.5669526259104405,1.65,-118.83665552236636,000394
1701909034.477419,VRU_Adult_Using_Non-Motorized_Device/Prop_Other,20.856877899169927,0.97,-3.704807662963873,1.56,-3.2649354457855226,1.68,134.00638741874658,000395
1701909034.477419,VRU_Adult_Using_Non-Motorized_Device/Prop_Other,23.893175932077266,0.75,-23.50858915769137,0.69,-2.9741172148631168,1.45,-124.9809271791218,000395
1701909034.5774188,VRU_Adult_Using_Non-Motorized_Device/Prop_Other,20.894531250000007,0.97,-3.7345285892486624,1.56,-3.2284678936004645,1.68,-69.45933668284962,000396
1701909034.5774188,VRU_Adult_Using_Non-Motorized_Device/Prop_Other,23.87966654850887,0.75,-23.501510693476753,0.69,-3.0095596130077658,1.45,-148.8937488406043,000396
1701909034.677419,VRU_Adult_Using_Non-Motorized_Device/Prop_Other,20.884003067016607,0.97,-3.712890958786018,1.56,-3.2265880584716795,1.68,-73.83266037272159,000397
1701909034.677419,VRU_Adult_Using_Non-Motorized_Device/Prop_Other,23.87082099914551,0.75,-23.499532517932714,0.69,-2.959169546763102,1.45,-133.70926985048268,000397
1701909034.677419,VRU_Adult_Using_Bicycle,10.21739292144776,0.96,-4.631327748298652,1.64,-3.7719285488128667,1.65,41.261238733120145,000397
1701909034.7774189,VRU_Adult_Using_Non-Motorized_Device/Prop_Other,20.8935043334961,0.97,-3.726074028015142,1.56,-3.220201778411866,1.68,-81.03414765333932,000398
1701909034.7774189,VRU_Adult_Using_Non-Motorized_Device/Prop_Other,23.870827992757167,0.75,-23.523092976322886,0.69,-3.065809302859836,1.45,-141.050487570303,000398
1701909034.7774189,VRU_Adult_Using_Bicycle,9.94932126998902,0.96,-5.098525444666552,1.64,-3.8984125455220546,1.65,-122.38781439958206,000398
1701909034.877419,VRU_Adult_Using_Non-Motorized_Device/Prop_Other,20.89730310440064,0.97,-3.7505242824554506,1.56,-3.1936655938625336,1.68,-84.29113091474065,000399
1701909034.877419,VRU_Adult_Using_Non-Motorized_Device/Prop_Other,23.868747545325242,0.75,-23.502528232076898,0.69,-2.9577167967091436,1.45,-121.04845009607035,000399
1701909034.977419,VRU_Adult_Using_Non-Motorized_Device/Prop_Other,20.897908926010135,0.97,-3.779127240180976,1.56,-3.2278672754764557,1.68,-86.70538008234362,000400
1701909034.977419,VRU_Adult_Using_Non-Motorized_Device/Prop_Other,23.85773114804869,0.75,-23.5296499464247,0.69,-3.0809551963099726,1.45,-154.47318738621695,000400
1701909034.977419,VRU_Adult_Using_Bicycle,9.679141759872444,0.96,-5.483423829078681,1.64,-4.0181357860565186,1.65,-109.18195283424248,000400
1701909035.0774188,VRU_Adult_Using_Non-Motorized_Device/Prop_Other,20.867063903808596,0.97,-3.7476464986801203,1.56,-3.2124138355255125,1.68,92.26674376675956,000401
1701909035.0774188,VRU_Adult_Using_Non-Motorized_Device/Prop_Other,23.88625982533331,0.75,-23.505011682925023,0.69,-2.972216782362565,1.45,-138.09455991154886,000401
1701909035.177419,VRU_Adult_Using_Non-Motorized_Device/Prop_Other,20.869629144668583,0.97,-3.750840008258825,1.56,-3.1804987192153935,1.68,-75.69002583456094,000402
1701909035.177419,VRU_Adult_Using_Non-Motorized_Device/Prop_Other,23.858890900245083,0.75,-23.527804227975704,0.69,-3.050622719984788,1.45,-132.79176850948662,000402
1701909035.177419,VRU_Adult_Using_Bicycle,9.395988146464036,0.96,-6.038043816884367,1.64,-4.1550313631693525,1.65,-121.52248066531055,000402
1701909035.2774189,VRU_Adult_Using_Non-Motorized_Device/Prop_Other,20.900620778401695,0.97,-3.784916679064439,1.56,-3.1420417428016663,1.68,-88.1595662746333,000403
1701909035.2774189,VRU_Adult_Using_Non-Motorized_Device/Prop_Other,23.856629848480228,0.75,-23.52796395619711,0.69,-3.0530957082907357,1.45,-146.08896757475424,000403
1701909035.377419,VRU_Adult_Using_Non-Motorized_Device/Prop_Other,20.878422927856448,0.97,-3.7557140350341855,1.56,-3.0584483385086063,1.68,-73.50346034140856,000404
1701909035.377419,VRU_Adult_Using_Non-Motorized_Device/Prop_Other,23.84769455591838,0.75,-23.50566681226095,0.69,-3.036601960659027,1.45,-137.18119660702845,000404
1701909035.377419,VRU_Adult_Using_Bicycle,9.234813213348396,0.96,-6.321525692939766,1.64,-4.230027675628663,1.65,-119.69111692348037,000404
1701909035.477419,VRU_Adult_Using_Non-Motorized_Device/Prop_Other,20.881050300598147,0.97,-3.753222298622137,1.56,-3.0998481988906863,1.68,-74.35887747423914,000405
1701909035.477419,VRU_Adult_Using_Non-Motorized_Device/Prop_Other,23.847729022686302,0.75,-23.495829949012172,0.69,-3.016675591468811,1.45,-127.85155403810973,000405
1701909035.477419,VRU_Adult_Using_Non-Motorized_Device/Prop_Other,21.925304794311522,0.97,-9.664976596832275,1.56,-3.08739618062973,1.68,-74.93391858057188,000405
1701909035.5774188,VRU_Adult_Using_Non-Motorized_Device/Prop_Other,20.87193025861468,0.97,-3.7874292646135657,1.56,-3.206519910267421,1.68,116.80322327628095,000406
1701909035.5774188,VRU_Adult_Using_Bicycle,9.005461692810066,0.96,-6.810692024230965,1.64,-3.8692904472351075,1.65,-119.64360756008574,000406
1701909035.5774188,VRU_Adult_Using_Non-Motorized_Device/Prop_Other,23.85904449462891,0.75,-23.519363479614263,0.69,-3.0586756610870363,1.45,-138.75852353400435,000406
1701909035.677419,VRU_Adult_Using_Non-Motorized_Device/Prop_Other,20.853167724609378,0.97,-3.800788807868963,1.56,-3.089356827735901,1.68,-65.03322341982152,000407
1701909035.677419,VRU_Adult_Using_Non-Motorized_Device/Prop_Other,23.84896850585938,0.75,-23.516462802886966,0.69,-3.041048437356949,1.45,-136.31072223729157,000407
1701909035.677419,VRU_Adult_Using_Bicycle,8.899892425537116,0.96,-6.975296974182138,1.64,-3.9183330059051515,1.65,72.1222910961995,000407
1701909035.7774189,VRU_Adult_Using_Non-Motorized_Device/Prop_Other,20.865508185492626,0.97,-3.853197813034063,1.56,-3.2070628272162542,1.68,-78.44574814621089,000408
1701909035.7774189,VRU_Adult_Using_Non-Motorized_Device/Prop_Other,23.851025287921615,0.75,-23.53999570699839,0.69,-3.0478950097010684,1.45,-151.33109170226734,000408
1701909035.7774189,VRU_Adult_Using_Bicycle,8.743492317199713,0.96,-7.4076551437378,1.64,-3.298807573318482,1.65,76.82351452248133,000408
1701909035.877419,VRU_Adult_Using_Non-Motorized_Device/Prop_Other,20.85420083999634,0.97,-3.850855320692068,1.56,-3.180861502885819,1.68,109.93877094694726,000409
1701909035.877419,VRU_Adult_Using_Non-Motorized_Device/Prop_Other,23.864398002624515,0.75,-23.49821369988578,0.69,-3.000879764556885,1.45,-142.84085491585725,000409
1701909035.977419,VRU_Adult_Using_Non-Motorized_Device/Prop_Other,20.865482807159427,0.97,-3.8836134970188203,1.56,-3.1583492159843445,1.68,94.89651646873963,000410
1701909035.977419,VRU_Adult_Using_Non-Motorized_Device/Prop_Other,23.84415729840597,0.75,-23.495842138926193,0.69,-3.022306203842163,1.45,-127.68515583341534,000410
1701909036.0774188,VRU_Adult_Using_Non-Motorized_Device/Prop_Other,20.87448174612863,0.97,-3.9088916437966548,1.56,-3.2213410990578795,1.68,95.98019602133583,000411
1701909036.0774188,VRU_Adult_Using_Non-Motorized_Device/Prop_Other,23.86402636307937,0.75,-23.50568587963398,0.69,-3.031433325547439,1.45,-131.96747355822146,000411
1701909036.177419,VRU_Adult_Using_Non-Motorized_Device/Prop_Other,20.891767774309436,0.97,-3.9762418270111146,1.56,-3.220814432416644,1.68,104.06395913606676,000412
1701909036.177419,VRU_Adult_Using_Bicycle,8.3491808573405,0.96,-8.050833066304532,1.64,-3.479674736658732,1.65,52.783734040057546,000412
1701909036.177419,VRU_Adult_Using_Non-Motorized_Device/Prop_Other,23.854000965754196,0.75,-23.51555442810059,0.69,-3.060959200064341,1.45,-145.86095047084513,000412
1701909036.177419,VRU_Adult_Using_Non-Motorized_Device/Prop_Other,22.166400273640953,0.97,-11.526688668462965,1.56,-3.093024770418802,1.68,-74.7548515303387,000412
1701909036.2774189,VRU_Adult_Using_Non-Motorized_Device/Prop_Other,20.908895810445156,0.97,-3.9940533638000555,1.56,-3.2033731142679858,1.68,102.42438173687076,000413
1701909036.2774189,VRU_Adult_Using_Bicycle,8.05499172210694,0.96,-8.383261362711597,1.64,-3.597339709599812,1.65,-121.28088404926015,000413
1701909036.2774189,VRU_Adult_Using_Non-Motorized_Device/Prop_Other,23.854439655939743,0.75,-23.513589382171634,0.69,-3.0570311148961387,1.45,-143.24145251240284,000413
1701909036.2774189,VRU_Adult_Using_Non-Motorized_Device/Prop_Other,22.435327198194422,0.97,-13.264556667079097,1.56,-3.066830272259919,1.68,-75.07689906026948,000413
1701909036.377419,VRU_Adult_Using_Non-Motorized_Device/Prop_Other,20.899447032383513,0.97,-4.040145839963647,1.56,-3.287266595023019,1.68,108.5911798732081,000414
1701909036.377419,VRU_Adult_Using_Non-Motorized_Device/Prop_Other,23.860636270963234,0.75,-23.50194674271804,0.69,-3.0416406576450052,1.45,-146.38819472066328,000414
1701909036.477419,VRU_Adult_Using_Non-Motorized_Device/Prop_Other,20.927880764007572,0.97,-4.059696108102805,1.56,-3.297152221202851,1.68,98.58596514703278,000415
1701909036.477419,VRU_Adult_Using_Bicycle,7.825257233210978,0.96,-8.991236277988987,1.64,-3.5398309230804443,1.65,60.70592109109009,000415
1701909036.477419,VRU_Adult_Using_Non-Motorized_Device/Prop_Other,23.850920163668125,0.75,-23.49740233788124,0.69,-3.0505384298471303,1.45,-145.28257989138083,000415
1701909036.5774188,VRU_Adult_Using_Non-Motorized_Device/Prop_Other,20.925036294119703,0.97,-4.060936110360288,1.56,-3.254594768796648,1.68,92.85370183587769,000416
1701909036.5774188,VRU_Adult_Using_Bicycle,7.613474464416511,0.96,-9.353102779388436,1.64,-3.5874940156936646,1.65,57.33117311514469,000416
1701909036.5774188,VRU_Adult_Using_Non-Motorized_Device/Prop_Other,23.838688243519183,0.75,-23.4791826768355,0.69,-3.015778064727783,1.45,-131.00709708383434,000416
1701909036.677419,VRU_Adult_Using_Non-Motorized_Device/Prop_Other,20.91123962402344,0.97,-4.073984781901047,1.56,-3.205159544944763,1.68,85.63533678552328,000417
1701909036.677419,VRU_Adult_Using_Non-Motorized_Device/Prop_Other,23.839640502929694,0.75,-23.507579116821294,0.69,-3.0537011337280275,1.45,-132.23567592541755,000417
1701909036.677419,VRU_Adult_Using_Bicycle,7.461741065979011,0.96,-9.63410863876344,1.64,-3.697137689590454,1.65,-117.2886182599843,000417
1701909036.7774189,VRU_Adult_Using_Non-Motorized_Device/Prop_Other,20.89699316024781,0.97,-4.077409803867346,1.56,-3.238678991794586,1.68,75.07798753613665,000418
1701909036.7774189,VRU_Adult_Using_Non-Motorized_Device/Prop_Other,23.866915089743483,0.75,-23.50480461120606,0.69,-3.0401032992771695,1.45,-137.44333802410213,000418
1701909036.7774189,VRU_Adult_Using_Bicycle,7.303860664367683,0.96,-9.908527851104743,1.64,-3.8289097547531132,1.65,-117.29110305276737,000418
1701909036.877419,VRU_Adult_Using_Non-Motorized_Device/Prop_Other,20.89596621195476,0.97,-4.0757749875386615,1.56,-3.2160099347432456,1.68,-110.2751874805808,000419
1701909036.877419,VRU_Adult_Using_Non-Motorized_Device/Prop_Other,23.8659535921537,0.75,-23.515572841350853,0.69,-3.065806031227112,1.45,-142.00520155735617,000419
1701909036.977419,VRU_Adult_Using_Non-Motorized_Device/Prop_Other,20.895266056060795,0.97,-4.109304070472723,1.56,-3.240858793258668,1.68,61.207309934947205,000420
1701909036.977419,VRU_Adult_Using_Non-Motorized_Device/Prop_Other,23.846894886182707,0.75,-23.488187043563183,0.69,-2.9928428193797236,1.45,-143.7789489630637,000420
1701909037.0774188,VRU_Adult_Using_Non-Motorized_Device/Prop_Other,20.86750268936158,0.97,-4.1760762929916435,1.56,-3.2369690537452707,1.68,71.31964084232837,000421
1701909037.0774188,VRU_Adult_Using_Non-Motorized_Device/Prop_Other,23.847775070755574,0.75,-23.49132707383898,0.69,-3.0393799940745034,1.45,-133.89970827414768,000421
1701909037.177419,VRU_Adult_Using_Non-Motorized_Device/Prop_Other,20.923439025878913,0.97,-4.383219909667974,1.56,-3.339790058135987,1.68,-70.1036876713568,000422
1701909037.177419,VRU_Adult_Using_Non-Motorized_Device/Prop_Other,23.85230922698975,0.75,-23.502877528850853,0.69,-3.0719976150072537,1.45,-132.9679441566176,000422
1701909037.177419,VRU_Adult_Using_Non-Motorized_Device/Prop_Other,22.965582317776153,0.97,-17.10425220595466,1.56,-3.122181600994533,1.68,98.98147398447385,000422
1701909037.177419,VRU_Adult_Using_Bicycle,6.863821506500253,0.96,-10.620236396789561,1.64,-4.038210058212281,1.65,-115.93071870130328,000422
1701909037.2774189,VRU_Adult_Using_Non-Motorized_Device/Prop_Other,23.878912265484153,0.75,-23.496498474707973,0.69,-3.0406589691455546,1.45,-143.7655248524574,000423
1701909037.2774189,VRU_Adult_Using_Bicycle,6.903253396352139,0.96,-10.656307538350433,1.64,-4.142121473948162,1.65,-121.85190567033777,000423
1701909037.377419,VRU_Adult_Using_Non-Motorized_Device/Prop_Other,20.969657421112068,0.97,-4.455165147781378,1.56,-3.376172006130219,1.68,-67.63656572675052,000424
1701909037.377419,VRU_Adult_Using_Non-Motorized_Device/Prop_Other,23.860362441451464,0.75,-23.490636401706276,0.69,-3.031982015680384,1.45,-147.12818403995834,000424
1701909037.377419,VRU_Adult_Using_Bicycle,6.581332206726082,0.96,-11.207746187845876,1.64,-4.28057622909546,1.65,-113.75547373741733,000424
1701909037.477419,VRU_Adult_Using_Bicycle,6.597630739212044,0.96,-11.09807324409486,1.64,-4.266583800315857,1.65,-110.55825503681407,000425
1701909037.477419,VRU_Adult_Using_Non-Motorized_Device/Prop_Other,23.850446337745307,0.75,-23.5006400517055,0.69,-3.0711848735809326,1.45,-136.3946260199315,000425
1701909037.5774188,VRU_Adult_Using_Non-Motorized_Device/Prop_Other,23.872546920776372,0.75,-23.513240356445316,0.69,-3.0735163784027097,1.45,-140.42574245040197,000426
1701909037.677419,VRU_Adult_Using_Non-Motorized_Device/Prop_Other,23.874783020019535,0.75,-23.507930374145513,0.69,-3.0567540073394777,1.45,-138.20989387392953,000427
1701909037.7774189,VRU_Adult_Using_Non-Motorized_Device/Prop_Other,21.123526255289722,0.97,-5.2357606887817445,1.56,-3.4955901304880785,1.68,55.96316465965132,000428
1701909037.7774189,VRU_Adult_Using_Non-Motorized_Device/Prop_Other,23.856487605882734,0.75,-23.507864247197695,0.69,-3.0729037471439526,1.45,-138.57992217986177,000428
1701909037.877419,VRU_Adult_Using_Non-Motorized_Device/Prop_Other,21.157163619995124,0.97,-5.321561495463058,1.56,-3.466225624084473,1.68,-164.61989371027403,000429
1701909037.877419,VRU_Adult_Using_Non-Motorized_Device/Prop_Other,23.889624375563407,0.75,-23.507195252638603,0.69,-3.0392513825343204,1.45,-136.65925337208986,000429
1701909037.977419,VRU_Adult_Using_Non-Motorized_Device/Prop_Other,23.86424013284537,0.75,-23.525892331049995,0.69,-3.0477079428159275,1.45,-133.6010321304016,000430
1701909038.0774188,VRU_Adult_Using_Non-Motorized_Device/Prop_Other,21.131099224090583,0.97,-5.316574335098274,1.56,-3.437271416187287,1.68,108.62483657594515,000431
1701909038.0774188,VRU_Adult_Using_Non-Motorized_Device/Prop_Other,23.86172027587891,0.75,-23.52050186157227,0.69,-3.0571563720703123,1.45,-136.4365528568377,000431
1701909038.177419,VRU_Adult_Using_Non-Motorized_Device/Prop_Other,23.85763027357019,0.75,-23.516041797140375,0.69,-3.057897132375966,1.45,-131.47931347944595,000432
1701909038.2774189,VRU_Adult_Using_Non-Motorized_Device/Prop_Other,21.193166097005214,0.97,-5.3732369740804105,1.56,-3.5117797056833915,1.68,73.88898070865861,000433
1701909038.2774189,VRU_Adult_Using_Non-Motorized_Device/Prop_Other,23.852767257690434,0.75,-23.527174682617193,0.69,-3.0458061504364013,1.45,-134.2839948360054,000433
1701909038.377419,VRU_Adult_Using_Non-Motorized_Device/Prop_Other,21.19720306396485,0.97,-5.380108737945562,1.56,-3.494170904159546,1.68,-86.41174636139579,000434
1701909038.377419,VRU_Adult_Using_Non-Motorized_Device/Prop_Other,23.862715403238937,0.75,-23.509513572410306,0.69,-3.0618432627783885,1.45,-145.88955336207923,000434
1701909038.477419,VRU_Adult_Using_Non-Motorized_Device/Prop_Other,21.194480133056647,0.97,-5.4209132194519105,1.56,-3.464332056045533,1.68,-77.68440847442835,000435
1701909038.477419,VRU_Adult_Using_Non-Motorized_Device/Prop_Other,23.854211293734043,0.75,-23.522500184866104,0.69,-3.0332548251518836,1.45,-131.49395572421923,000435
1701909038.5774188,VRU_Adult_Using_Non-Motorized_Device/Prop_Other,21.212587738037115,0.97,-5.447961997985846,1.56,-3.4851408958435064,1.68,-77.40495874364709,000436
1701909038.5774188,VRU_Adult_Using_Non-Motorized_Device/Prop_Other,23.862747987111415,0.75,-23.49777468045553,0.69,-3.03650955359141,1.45,-142.4955790023129,000436
1701909038.677419,VRU_Adult_Using_Non-Motorized_Device/Prop_Other,21.230505807059156,0.97,-5.474724224635538,1.56,-3.443378959383284,1.68,-75.99396184991289,000437
1701909038.677419,VRU_Adult_Using_Non-Motorized_Device/Prop_Other,23.861747503280643,0.75,-23.503731091817226,0.69,-3.0380658706029258,1.45,-137.14729317376526,000437
1701909038.7774189,VRU_Adult_Using_Non-Motorized_Device/Prop_Other,21.230094528198247,0.97,-5.518719673156744,1.56,-3.4810695171356207,1.68,-74.94262434368457,000438
1701909038.7774189,VRU_Adult_Using_Non-Motorized_Device/Prop_Other,23.857234069279265,0.75,-23.51139511380877,0.69,-3.0274082081658498,1.45,-119.92939797442455,000438
1701909038.877419,VRU_Adult_Using_Non-Motorized_Device/Prop_Other,21.2299488067627,0.97,-5.530992507934577,1.56,-3.4414664268493658,1.68,-71.08610110002121,000439
1701909038.877419,VRU_Adult_Using_Non-Motorized_Device/Prop_Other,23.830447514851894,0.75,-23.497346171626344,0.69,-3.0399063251636647,1.45,-140.89168674327337,000439
1701909038.977419,VRU_Adult_Using_Non-Motorized_Device/Prop_Other,21.24492327372234,0.97,-5.572896957397467,1.56,-3.4170537789662685,1.68,-80.7466215240986,000440
1701909038.977419,VRU_Adult_Using_Non-Motorized_Device/Prop_Other,23.863019498189296,0.75,-23.497345288594566,0.69,-3.0395233074824017,1.45,-153.92429306693026,000440
1701909039.0774188,VRU_Adult_Using_Non-Motorized_Device/Prop_Other,21.265747547149665,0.97,-5.5947625637054506,1.56,-3.4542536735534672,1.68,99.41983112477897,000441
1701909039.0774188,VRU_Adult_Using_Non-Motorized_Device/Prop_Other,23.845817345839286,0.75,-23.499411876385032,0.69,-3.055064293054434,1.45,-144.13564795062535,000441
1701909039.177419,VRU_Adult_Using_Non-Motorized_Device/Prop_Other,21.288897991180427,0.97,-5.6410884857177805,1.56,-3.4445816874504103,1.68,90.47550893680003,000442
1701909039.177419,VRU_Adult_Using_Non-Motorized_Device/Prop_Other,23.863341038043686,0.75,-23.49865370530349,0.69,-3.070969453224769,1.45,-139.99619022230414,000442
1701909039.2774189,VRU_Adult_Using_Non-Motorized_Device/Prop_Other,21.22989790780204,0.97,-5.528069223676416,1.56,-3.341772624424526,1.68,111.79638912567107,000443
1701909039.2774189,VRU_Adult_Using_Non-Motorized_Device/Prop_Other,23.849913635253913,0.75,-23.478552703857428,0.69,-3.0439735794067384,1.45,-153.95614980045207,000443
1701909039.377419,VRU_Adult_Using_Non-Motorized_Device/Prop_Other,21.332274627685553,0.97,-5.734112453460699,1.56,-3.428029441833496,1.68,91.51070861700043,000444
1701909039.377419,VRU_Adult_Using_Non-Motorized_Device/Prop_Other,23.820161487745207,0.75,-23.502724357273273,0.69,-3.0737173142640493,1.45,-134.0240931067396,000444
1701909039.477419,VRU_Adult_Using_Non-Motorized_Device/Prop_Other,21.22561018807548,0.97,-5.5245092255728645,1.56,-3.334453276225499,1.68,-62.39822939480606,000445
1701909039.477419,VRU_Adult_Using_Non-Motorized_Device/Prop_Other,23.84461729867118,0.75,-23.502060140882225,0.69,-3.071244784763881,1.45,-129.05682868236835,000445
1701909039.5774188,VRU_Adult_Using_Non-Motorized_Device/Prop_Other,21.363785743713386,0.97,-5.804401874542243,1.56,-3.454109609127045,1.68,94.53664615154348,000446
1701909039.5774188,VRU_Adult_Using_Non-Motorized_Device/Prop_Other,23.835902690887455,0.75,-23.496680327824187,0.69,-3.0401253359658384,1.45,-133.76706589727752,000446
1701909039.677419,VRU_Adult_Using_Non-Motorized_Device/Prop_Other,21.28285145759583,0.97,-5.6350643634796205,1.56,-3.322585821151734,1.68,111.33901476997569,000447
1701909039.677419,VRU_Adult_Using_Non-Motorized_Device/Prop_Other,23.81381444577818,0.75,-23.506702211168083,0.69,-3.0571021415569164,1.45,-138.06700136022363,000447
1701909039.7774189,VRU_Adult_Using_Non-Motorized_Device/Prop_Other,21.28562082563128,0.97,-5.542890344347279,1.56,-3.281049285616194,1.68,-65.00489096283863,000448
1701909039.7774189,VRU_Adult_Using_Non-Motorized_Device/Prop_Other,23.804357774796028,0.75,-23.517747755973573,0.69,-3.0891065059169645,1.45,-141.68065976877668,000448
1701909039.877419,VRU_Adult_Using_Non-Motorized_Device/Prop_Other,21.323556052313915,0.97,-5.638552930619989,1.56,-3.3970641824934216,1.68,-65.32881021198011,000449
1701909039.877419,VRU_Adult_Using_Non-Motorized_Device/Prop_Other,23.802960784346972,0.75,-23.485569353456853,0.69,-3.055543396208021,1.45,-158.10537138569515,000449
1701909039.977419,VRU_Adult_Using_Non-Motorized_Device/Prop_Other,21.29072625296457,0.97,-5.532408101218094,1.56,-3.2877114159720287,1.68,-62.88742779472977,000450
1701909039.977419,VRU_Adult_Using_Non-Motorized_Device/Prop_Other,23.775498680446464,0.75,-23.510936322419546,0.69,-3.0524577990822164,1.45,-140.3698011933292,000450
1701909040.0774188,VRU_Adult_Using_Non-Motorized_Device/Prop_Other,21.32508206367493,0.97,-5.688792407512671,1.56,-3.2839774489402775,1.68,-61.75884872661603,000451
1701909040.0774188,VRU_Adult_Using_Non-Motorized_Device/Prop_Other,23.78627579552787,0.75,-23.49623196465629,0.69,-3.0713471514838084,1.45,-148.88748541004932,000451
1701909040.177419,VRU_Adult_Using_Non-Motorized_Device/Prop_Other,21.329940954844158,0.97,-5.626257141431179,1.56,-3.2684161265691127,1.68,-59.54851054559233,000452
1701909040.177419,VRU_Adult_Using_Non-Motorized_Device/Prop_Other,23.75001260508662,0.75,-23.51139474951703,0.69,-3.058163912399956,1.45,-143.70078856483224,000452
1701909040.2774189,VRU_Adult_Using_Non-Motorized_Device/Prop_Other,21.329794970425695,0.97,-5.594789374958392,1.56,-3.2679183049635454,1.68,-61.647620733114486,000453
1701909040.2774189,VRU_Adult_Using_Non-Motorized_Device/Prop_Other,23.723189217703688,0.75,-23.51437194006784,0.69,-3.0353990026882722,1.45,-146.0938029579224,000453
1701909040.377419,VRU_Adult_Using_Non-Motorized_Device/Prop_Other,21.325256983439132,0.97,-5.578356742858893,1.56,-3.2806865109337706,1.68,-60.24718656647742,000454
1701909040.377419,VRU_Adult_Using_Non-Motorized_Device/Prop_Other,23.753921826680507,0.75,-23.507058620452884,0.69,-3.151140828927358,1.45,-147.76063330792385,000454
1701909040.477419,VRU_Adult_Using_Non-Motorized_Device/Prop_Other,21.347474358298566,0.97,-5.619428417899398,1.56,-3.2545427409085366,1.68,-59.97958206012293,000455
1701909040.477419,VRU_Adult_Using_Non-Motorized_Device/Prop_Other,23.75482884159795,0.75,-23.4920399983724,0.69,-3.083124770058526,1.45,-140.0179372005253,000455
1701909040.5774188,VRU_Adult_Using_Non-Motorized_Device/Prop_Other,21.372078235332786,0.97,-5.639529338249799,1.56,-3.2119496785677395,1.68,-60.469056150430056,000456
1701909040.5774188,VRU_Adult_Using_Non-Motorized_Device/Prop_Other,23.72187343720467,0.75,-23.52243078908613,0.69,-3.0717709064483643,1.45,-142.04932227108011,000456
1701909040.677419,VRU_Adult_Using_Non-Motorized_Device/Prop_Other,21.385439634323124,0.97,-5.6635399460792595,1.56,-3.1704579144716263,1.68,-60.19819246753577,000457
1701909040.677419,VRU_Adult_Using_Non-Motorized_Device/Prop_Other,23.735962231953945,0.75,-23.51135341326396,0.69,-3.112556586662928,1.45,-134.99599993628902,000457
1701909040.7774189,VRU_Adult_Using_Non-Motorized_Device/Prop_Other,21.361749355609604,0.97,-5.632609734168425,1.56,-3.1020961357997012,1.68,-60.583875189117215,000458
1701909040.7774189,VRU_Adult_Using_Non-Motorized_Device/Prop_Other,23.75907489231655,0.75,-23.51677833284651,0.69,-3.136189375604902,1.45,-139.5816394324376,000458
1701909040.877419,VRU_Adult_Using_Non-Motorized_Device/Prop_Other,21.355498313903812,0.97,-5.6195915142695165,1.56,-3.1497960686683655,1.68,-61.663837272708484,000459
1701909040.877419,VRU_Adult_Using_Non-Motorized_Device/Prop_Other,23.726590283711754,0.75,-23.525816345214846,0.69,-3.0976832151412963,1.45,-135.23497178892316,000459
1701909040.977419,VRU_Adult_Using_Non-Motorized_Device/Prop_Other,21.364505594426937,0.97,-5.669431686401374,1.56,-3.139115420254794,1.68,-59.58851335210097,000460
1701909040.977419,VRU_Adult_Using_Non-Motorized_Device/Prop_Other,23.7484504558422,0.75,-23.52556165059408,0.69,-3.111683306870637,1.45,-138.23236250498812,000460
1701909041.0774188,VRU_Adult_Using_Non-Motorized_Device/Prop_Other,21.361138752528603,0.97,-5.591232129505708,1.56,-3.104629823139736,1.68,95.97260689756837,000461
1701909041.0774188,VRU_Adult_Using_Non-Motorized_Device/Prop_Other,23.74430590090545,0.75,-23.517592637435254,0.69,-3.0999279644178306,1.45,-156.1007665893011,000461
1701909041.177419,VRU_Adult_Using_Non-Motorized_Device/Prop_Other,21.368240515391037,0.97,-5.631822665532436,1.56,-3.115239997704824,1.68,102.59726233533367,000462
1701909041.177419,VRU_Adult_Using_Non-Motorized_Device/Prop_Other,23.751570997567015,0.75,-23.515235045860557,0.69,-3.069344035510359,1.45,-155.62913219706442,000462
1701909041.2774189,VRU_Adult_Using_Non-Motorized_Device/Prop_Other,21.48893444354718,0.97,-5.846017177288355,1.56,-3.188321315325224,1.68,-60.69930745113114,000463
1701909041.2774189,VRU_Adult_Using_Non-Motorized_Device/Prop_Other,23.74567694891067,0.75,-23.52661396208264,0.69,-3.1159183865501765,1.45,-144.85490637605344,000463
1701909041.377419,VRU_Adult_Using_Non-Motorized_Device/Prop_Other,21.470712237887916,0.97,-5.76864189571805,1.56,-3.1665812863243956,1.68,-62.4120231410843,000464
1701909041.377419,VRU_Adult_Using_Non-Motorized_Device/Prop_Other,23.779142837524418,0.75,-23.51775932312012,0.69,-3.098265581130982,1.45,-135.52927441618078,000464
1701909041.477419,VRU_Adult_Using_Non-Motorized_Device/Prop_Other,21.488108825683597,0.97,-5.777430677413948,1.56,-3.2099963903427122,1.68,-61.32856645744577,000465
1701909041.477419,VRU_Adult_Using_Non-Motorized_Device/Prop_Other,23.799333205589885,0.75,-23.529597795926612,0.69,-3.0747522574204664,1.45,179.56301671842,000465
1701909041.5774188,VRU_Adult_Using_Non-Motorized_Device/Prop_Other,21.51830116907756,0.97,-5.817301193873093,1.56,-3.2139598528544115,1.68,-65.5463716544763,000466
1701909041.5774188,VRU_Adult_Using_Non-Motorized_Device/Prop_Other,23.81004299436297,0.75,-23.533398628234867,0.69,-2.9809653673853194,1.45,-173.27300604799336,000466
1701909041.677419,VRU_Adult_Using_Non-Motorized_Device/Prop_Other,23.862175777040683,0.75,-23.538429852189694,0.69,-2.989622132531528,1.45,163.3404758561454,000467
1701909041.677419,VRU_Adult_Using_Non-Motorized_Device/Prop_Other,21.529703548976357,0.97,-5.833041599818645,1.56,-3.1983578205108643,1.68,-61.98381962084232,000467
1701909041.7774189,VRU_Adult_Using_Non-Motorized_Device/Prop_Other,21.556738036019464,0.97,-5.854919127055584,1.56,-3.2319764580045427,1.68,-66.41326699608453,000468
1701909041.7774189,VRU_Adult_Using_Non-Motorized_Device/Prop_Other,23.89271488896123,0.75,-23.542665905422638,0.69,-3.0173526693273476,1.45,147.0261679439322,000468
1701909041.877419,VRU_Adult_Using_Non-Motorized_Device/Prop_Other,21.567120331984306,0.97,-5.861910709967986,1.56,-3.245827564826379,1.68,-64.81105364228779,000469
1701909041.877419,VRU_Adult_Using_Non-Motorized_Device/Prop_Other,23.91581625687449,0.75,-23.523282803987204,0.69,-2.9660589945943734,1.45,162.37241746133677,000469
1701909041.977419,VRU_Adult_Using_Non-Motorized_Device/Prop_Other,21.560992521398212,0.97,-5.826216557446652,1.56,-3.2640159410588883,1.68,-66.56505707902062,000470
1701909041.977419,VRU_Adult_Using_Non-Motorized_Device/Prop_Other,23.945699882507327,0.75,-23.548532295227055,0.69,-3.091333103179932,1.45,156.62668580396527,000470
1701909042.0774188,VRU_Adult_Using_Non-Motorized_Device/Prop_Other,21.562717183430994,0.97,-5.852601941426599,1.56,-3.247833188374837,1.68,-65.09945826069529,000471
1701909042.0774188,VRU_Adult_Using_Non-Motorized_Device/Prop_Other,24.006533454446235,0.75,-23.5427822786219,0.69,-3.086118052987491,1.45,151.06682384140348,000471
1701909042.177419,VRU_Adult_Using_Non-Motorized_Device/Prop_Other,21.549014886220302,0.97,-5.783244212468472,1.56,-3.2652820150057473,1.68,-64.94674908422834,000472
1701909042.177419,VRU_Adult_Using_Non-Motorized_Device/Prop_Other,24.001761913299564,0.75,-23.538703918457035,0.69,-3.1004026383161545,1.45,148.7883485287687,000472
1701909042.2774189,VRU_Adult_Using_Non-Motorized_Device/Prop_Other,21.55110004970006,0.97,-5.8454340866633885,1.56,-3.2193514789853777,1.68,-65.57172051565729,000473
1701909042.2774189,VRU_Adult_Using_Non-Motorized_Device/Prop_Other,24.042257626851402,0.75,-23.541749848259826,0.69,-3.086831079588996,1.45,157.0281103868209,000473
1701909042.377419,VRU_Adult_Using_Non-Motorized_Device/Prop_Other,21.558777882502632,0.97,-5.817844500908491,1.56,-3.20674283687885,1.68,-66.30967642687835,000474
1701909042.377419,VRU_Adult_Using_Non-Motorized_Device/Prop_Other,24.0250837802887,0.75,-23.510356903076175,0.69,-3.1032238155603413,1.45,146.22405992178827,000474
1701909042.477419,VRU_Adult_Using_Non-Motorized_Device/Prop_Other,21.561621665954593,0.97,-5.850790568760468,1.56,-3.234362517084395,1.68,-67.20240963307526,000475
1701909042.5774188,VRU_Adult_Using_Non-Motorized_Device/Prop_Other,21.566447394234796,0.97,-5.839008671896804,1.56,-3.184222255434309,1.68,-64.42212064683497,000476
1701909042.5774188,VRU_Adult_Using_Non-Motorized_Device/Prop_Other,24.047712802886966,0.75,-23.41668808460236,0.69,-3.141459494829178,1.45,96.91443441774504,000476
1701909042.677419,VRU_Adult_Using_Non-Motorized_Device/Prop_Other,21.594086170196537,0.97,-5.9155020713806215,1.56,-3.3331755797068277,1.68,-65.00242228130088,000477
1701909042.677419,VRU_Adult_Using_Non-Motorized_Device/Prop_Other,24.05545412699382,0.75,-23.356657282511396,0.69,-3.14204732577006,1.45,82.3029913645609,000477
1701909042.7774189,VRU_Adult_Using_Non-Motorized_Device/Prop_Other,21.57955474853516,0.97,-5.884945074717208,1.56,-3.261120812098185,1.68,-64.26738113539733,000478
1701909042.7774189,VRU_Adult_Using_Non-Motorized_Device/Prop_Other,24.091829180717472,0.75,-23.315681576728824,0.69,-3.1373553574085236,1.45,116.25919772634724,000478
1701909042.877419,VRU_Adult_Using_Non-Motorized_Device/Prop_Other,21.56641633169992,0.97,-5.864822864532475,1.56,-3.2439599548067366,1.68,-63.77143395623569,000479
1701909042.877419,VRU_Adult_Using_Non-Motorized_Device/Prop_Other,24.145501995086672,0.75,-23.271720409393314,0.69,-3.06274231672287,1.45,110.74766874320504,000479
1701909042.977419,VRU_Adult_Using_Non-Motorized_Device/Prop_Other,21.56397978464763,0.97,-5.838905056317653,1.56,-3.196135858694713,1.68,-65.18523611141896,000480
1701909043.0774188,VRU_Adult_Using_Non-Motorized_Device/Prop_Other,21.569173676627027,0.97,-5.853885480335786,1.56,-3.240377834865025,1.68,-65.41219872900334,000481
1701909043.177419,VRU_Adult_Using_Non-Motorized_Device/Prop_Other,21.551203507643486,0.97,-5.838755607604986,1.56,-3.24028756068303,1.68,-62.101487161594555,000482
1701909043.2774189,VRU_Adult_Using_Non-Motorized_Device/Prop_Other,21.56034660339356,0.97,-5.849425829373877,1.56,-3.214108870579646,1.68,-64.05907206419559,000483
1701909043.377419,VRU_Adult_Using_Non-Motorized_Device/Prop_Other,21.57158206059383,0.97,-5.882265054262608,1.56,-3.2633451681870684,1.68,-65.08679410533284,000484
1701909043.477419,VRU_Adult_Using_Non-Motorized_Device/Prop_Other,21.572352472941084,0.97,-5.874375343322759,1.56,-3.231253735224406,1.68,-66.41963912406416,000485
1701909043.5774188,VRU_Adult_Using_Non-Motorized_Device/Prop_Other,21.57054506029402,0.97,-5.880726337432867,1.56,-3.241324526923044,1.68,-64.52841287894341,000486
1701909043.677419,VRU_Adult_Using_Non-Motorized_Device/Prop_Other,21.552801132202152,0.97,-5.863785624504096,1.56,-3.2260468453168873,1.68,-61.26569546833178,000487
1701909043.7774189,VRU_Adult_Using_Non-Motorized_Device/Prop_Other,21.552316411336268,0.97,-5.844691658020025,1.56,-3.252608362833659,1.68,-60.59070872616535,000488
1701909043.877419,VRU_Adult_Using_Non-Motorized_Device/Prop_Other,21.53936233520508,0.97,-5.861153157552089,1.56,-3.1995456059773764,1.68,-64.4666558145124,000489
1701909043.977419,VRU_Adult_Using_Non-Motorized_Device/Prop_Other,21.526665115356447,0.97,-5.7729311307271365,1.56,-3.1662217458089197,1.68,-60.549518586299165,000490
1701909044.0774188,VRU_Adult_Using_Non-Motorized_Device/Prop_Other,21.51952234903972,0.97,-5.827781412336566,1.56,-3.2004867527219982,1.68,-61.93716581299275,000491
1701909044.177419,VRU_Adult_Using_Non-Motorized_Device/Prop_Other,21.528950074139768,0.97,-5.837237750782691,1.56,-3.2132396277259376,1.68,-61.53589656526675,000492
1701909044.2774189,VRU_Adult_Using_Non-Motorized_Device/Prop_Other,21.524561246236168,0.97,-5.828022824393383,1.56,-3.150239057011075,1.68,-60.560991258014276,000493
1701909044.377419,VRU_Adult_Using_Non-Motorized_Device/Prop_Other,21.528200261733115,0.97,-5.807199758641865,1.56,-3.241303177440868,1.68,-59.99880416786264,000494
1701909044.477419,VRU_Adult_Using_Non-Motorized_Device/Prop_Other,21.513436762491867,0.97,-5.748062864939376,1.56,-3.138389190038046,1.68,-61.42140971536414,000495
1701909044.5774188,VRU_Adult_Using_Non-Motorized_Device/Prop_Other,21.510896364847824,0.97,-5.783944818708636,1.56,-3.1744138797124233,1.68,-59.76615700133059,000496
1701909044.677419,VRU_Adult_Using_Non-Motorized_Device/Prop_Other,21.47158699035645,0.97,-5.739828268686936,1.56,-3.1785067399342855,1.68,-62.374150190428956,000497
1701909044.7774189,VRU_Adult_Using_Non-Motorized_Device/Prop_Other,21.483176946640018,0.97,-5.797986805439,1.56,-3.1605470776557927,1.68,-59.653926839675925,000498
1701909044.877419,VRU_Adult_Using_Non-Motorized_Device/Prop_Other,21.489959081014,0.97,-5.7812232335408575,1.56,-3.2025200366973876,1.68,-60.62066172660797,000499
1701909044.977419,VRU_Adult_Using_Non-Motorized_Device/Prop_Other,21.497962542942595,0.97,-5.802106142044073,1.56,-3.173865965434483,1.68,-60.154780749817554,000500
1701909045.0774188,VRU_Adult_Using_Non-Motorized_Device/Prop_Other,21.509259776065228,0.97,-5.840960703398059,1.56,-3.199927618629054,1.68,-57.15643513635512,000501
1701909045.177419,VRU_Adult_Using_Non-Motorized_Device/Prop_Other,21.512401199340825,0.97,-5.887810897827154,1.56,-3.2073454380035398,1.68,-58.0798441309966,000502
1701909045.2774189,VRU_Adult_Using_Non-Motorized_Device/Prop_Other,21.511317316691084,0.97,-5.864645799001063,1.56,-3.192539787292481,1.68,-59.507600415594304,000503
1701909045.2774189,VRU_Adult_Using_Non-Motorized_Device/Prop_Other,24.9520477294922,0.75,-22.44055633544923,0.69,-3.3260318279266365,1.45,96.25327210816516,000503
1701909045.377419,VRU_Adult_Using_Non-Motorized_Device/Prop_Other,21.54295231745794,0.97,-5.914802184471724,1.56,-3.239646691542406,1.68,-59.964158634476256,000504
1701909045.377419,VRU_Adult_Using_Non-Motorized_Device/Prop_Other,25.05662999834334,0.75,-22.503810337611615,0.69,-3.4225045272282193,1.45,-61.54118012873649,000504
1701909045.477419,VRU_Adult_Using_Non-Motorized_Device/Prop_Other,21.54041070204515,0.97,-5.914387812981246,1.56,-3.242562385705802,1.68,-60.86513889237266,000505
1701909045.5774188,VRU_Adult_Using_Non-Motorized_Device/Prop_Other,21.482215563456222,0.97,-5.825701236724861,1.56,-3.1831660866737366,1.68,-61.15048912906716,000506
1701909045.677419,VRU_Adult_Using_Non-Motorized_Device/Prop_Other,21.502936623313214,0.97,-5.846303679726347,1.56,-3.142325856468894,1.68,-61.673733018107306,000507
1701909045.7774189,VRU_Adult_Using_Non-Motorized_Device/Prop_Other,21.544288298662973,0.97,-5.972167407765113,1.56,-3.2304809934952683,1.68,-55.67974273803158,000508
1701909045.877419,VRU_Adult_Using_Non-Motorized_Device/Prop_Other,21.523918151855472,0.97,-5.952315553029383,1.56,-3.118579959869385,1.68,-53.21241414679164,000509
1701909045.977419,VRU_Adult_Using_Non-Motorized_Device/Prop_Other,21.508673163021314,0.97,-5.980124866261206,1.56,-3.1782886561225445,1.68,-53.41872034691301,000510
1701909046.0774188,VRU_Adult_Using_Non-Motorized_Device/Prop_Other,21.511952524599824,0.97,-6.006025231402858,1.56,-3.114549937455551,1.68,-52.30795861505468,000511
1701909046.177419,VRU_Adult_Using_Non-Motorized_Device/Prop_Other,21.508292903070867,0.97,-6.055897691975474,1.56,-3.132884999980097,1.68,-46.70915692743508,000512
1701909046.2774189,VRU_Adult_Using_Non-Motorized_Device/Prop_Other,21.4749550819397,0.97,-6.0335062265396155,1.56,-3.156671369075775,1.68,-41.332202579925756,000513
1701909046.377419,VRU_Adult_Using_Non-Motorized_Device/Prop_Other,21.483019742098723,0.97,-6.109825676137756,1.56,-3.163758386265148,1.68,-37.675865992732795,000514
1701909046.477419,VRU_Adult_Using_Non-Motorized_Device/Prop_Other,21.471655155050346,0.97,-6.127163985679894,1.56,-3.0953656969399286,1.68,-21.54437801692707,000515
1701909046.5774188,VRU_Adult_Using_Non-Motorized_Device/Prop_Other,21.447002808252975,0.97,-6.154043932755793,1.56,-3.1767095426718392,1.68,-2.4053294080319425,000516
1701909046.677419,VRU_Adult_Using_Non-Motorized_Device/Prop_Other,21.416831389717437,0.97,-6.236565589904789,1.56,-3.1635512165401294,1.68,-42.80748860027332,000517
1701909046.7774189,VRU_Adult_Using_Non-Motorized_Device/Prop_Other,21.40196509983229,0.97,-6.31408380425495,1.56,-3.15436633773472,1.68,-64.38010652531642,000518
1701909046.7774189,VRU_Adult_Using_Non-Motorized_Device/Prop_Other,25.6307872136434,0.75,-22.297067006429042,0.69,-3.243758082389832,1.45,103.43349598774236,000518
1701909046.877419,VRU_Adult_Using_Non-Motorized_Device/Prop_Other,21.417022098194472,0.97,-6.406136621128433,1.56,-3.216276027939536,1.68,112.80361565780507,000519
1701909046.977419,VRU_Adult_Using_Non-Motorized_Device/Prop_Other,21.442910587086402,0.97,-6.476866834303915,1.56,-3.1821327489965108,1.68,105.67584013634631,000520
1701909047.0774188,VRU_Adult_Using_Non-Motorized_Device/Prop_Other,21.451531777015102,0.97,-6.52871913176317,1.56,-3.1949370274176965,1.68,109.38610790804482,000521
1701909047.177419,VRU_Adult_Using_Non-Motorized_Device/Prop_Other,21.486957867940273,0.97,-6.59262625376384,1.56,-3.192775507767996,1.68,108.01222566482865,000522
1701909047.177419,VRU_Adult_Using_Non-Motorized_Device/Prop_Other,21.689622334071572,0.97,-6.42078946885609,1.56,-3.029601460411435,1.68,-36.751593380409375,000522
1701909047.2774189,VRU_Adult_Using_Non-Motorized_Device/Prop_Other,21.51389162881034,0.97,-6.623351914542068,1.56,-3.229577439171927,1.68,105.86389775024692,000523
1701909047.2774189,VRU_Adult_Using_Non-Motorized_Device/Prop_Other,21.721042833830182,0.97,-6.487516754551941,1.56,-3.1184170748058118,1.68,-16.00928493130366,000523
1701909047.377419,VRU_Adult_Using_Non-Motorized_Device/Prop_Other,21.54042937538841,0.97,-6.705327033996587,1.56,-3.162038131193681,1.68,106.98546004381001,000524
1701909047.377419,VRU_Adult_Using_Non-Motorized_Device/Prop_Other,21.748006184895836,0.97,-6.5406305449349595,1.56,-3.1308750425066267,1.68,-15.236518719745686,000524
1701909047.477419,VRU_Adult_Using_Non-Motorized_Device/Prop_Other,21.577174425125126,0.97,-6.731737494468693,1.56,-3.156633272767067,1.68,103.03125145903688,000525
1701909047.477419,VRU_Adult_Using_Non-Motorized_Device/Prop_Other,21.819253683090214,0.97,-6.626927167177206,1.56,-3.069612413644791,1.68,-11.782995368784906,000525
1701909047.5774188,VRU_Adult_Using_Non-Motorized_Device/Prop_Other,21.60259532928467,0.97,-6.81557722886404,1.56,-3.185907542705536,1.68,105.05252497942776,000526
1701909047.5774188,VRU_Adult_Using_Non-Motorized_Device/Prop_Other,21.871647335234144,0.97,-6.650999773116343,1.56,-3.1946220170883906,1.68,9.832633251198908,000526
1701909047.677419,VRU_Adult_Using_Non-Motorized_Device/Prop_Other,21.633055855246155,0.97,-6.851461522719442,1.56,-3.1240172526415657,1.68,105.33675911683436,000527
1701909047.677419,VRU_Adult_Using_Non-Motorized_Device/Prop_Other,21.945001489975876,0.97,-6.685198699726783,1.56,-3.1156188039218677,1.68,37.97288107911744,000527
1701909047.7774189,VRU_Adult_Using_Non-Motorized_Device/Prop_Other,21.647306124369308,0.97,-6.859366973241176,1.56,-3.118559499581655,1.68,106.19797478371724,000528
1701909047.7774189,VRU_Adult_Using_Non-Motorized_Device/Prop_Other,21.922064495086673,0.97,-6.730352497100833,1.56,-3.1100708007812505,1.68,50.738253866261246,000528
1701909047.877419,VRU_Adult_Using_Non-Motorized_Device/Prop_Other,21.650539525349938,0.97,-6.898017088572188,1.56,-3.1694815317789717,1.68,105.39244772542844,000529
1701909047.877419,VRU_Adult_Using_Non-Motorized_Device/Prop_Other,21.941307469418177,0.97,-6.761295946020834,1.56,-3.1228751508813155,1.68,54.571050380204944,000529
1701909047.977419,VRU_Adult_Using_Non-Motorized_Device/Prop_Other,21.7048815213717,0.97,-6.944972551785989,1.56,-3.236155785047091,1.68,97.21179178315818,000530
1701909047.977419,VRU_Adult_Using_Non-Motorized_Device/Prop_Other,22.01098521550497,0.97,-6.772220412890121,1.56,-3.1406154731909433,1.68,52.890655987762514,000530
1701909048.0774188,VRU_Adult_Using_Non-Motorized_Device/Prop_Other,21.722516059875492,0.97,-7.013637244701392,1.56,-3.2524616122245793,1.68,86.905800538774,000531
1701909048.0774188,VRU_Adult_Using_Non-Motorized_Device/Prop_Other,21.939659347534185,0.97,-6.873973751068117,1.56,-3.1217666721343993,1.68,61.38787930093477,000531
1701909048.177419,VRU_Adult_Using_Non-Motorized_Device/Prop_Other,21.77023696899415,0.97,-7.102013905843106,1.56,-3.2121760845184326,1.68,-41.932842106034556,000532
1701909048.177419,VRU_Adult_Using_Non-Motorized_Device/Prop_Other,26.368170928955085,0.75,-22.09282188415528,0.69,-3.157163238525391,1.45,107.49732404027975,000532
1701909048.177419,VRU_Adult_Using_Non-Motorized_Device/Prop_Other,21.98259488997921,0.97,-6.889983715549595,1.56,-3.0463835423992527,1.68,69.99741302530535,000532
1701909048.2774189,VRU_Adult_Using_Non-Motorized_Device/Prop_Other,21.984420069941773,0.97,-6.928982999589713,1.56,-3.0310774909125433,1.68,90.0218137631015,000533
1701909048.377419,VRU_Adult_Using_Non-Motorized_Device/Prop_Other,22.053616659981866,0.97,-6.902742130415783,1.56,-3.083691350051335,1.68,84.03230125302946,000534
1701909048.477419,VRU_Adult_Using_Non-Motorized_Device/Prop_Other,21.811864217122405,0.97,-7.013983726501472,1.56,-3.241199175516764,1.68,107.44391320877425,000535
1701909048.5774188,VRU_Adult_Using_Non-Motorized_Device/Prop_Other,22.099949331844556,0.97,-7.015656106612265,1.56,-3.0603143677991977,1.68,122.18346633424034,000536
1701909048.677419,VRU_Adult_Using_Non-Motorized_Device/Prop_Other,22.159025930589248,0.97,-7.035300962386595,1.56,-3.0944303081881617,1.68,110.49635379220385,000537
1701909048.7774189,VRU_Adult_Using_Non-Motorized_Device/Prop_Other,22.14627578735352,0.97,-7.137156352996829,1.56,-3.124375314712525,1.68,134.89626283250266,000538
1701909048.877419,VRU_Adult_Using_Non-Motorized_Device/Prop_Other,21.961917400360115,0.97,-7.0846731662750315,1.56,-3.0805031657218933,1.68,1.1126301343542746,000539
1701909048.977419,VRU_Adult_Using_Non-Motorized_Device/Prop_Other,22.240954650075814,0.97,-7.1524245613499735,1.56,-3.179992851458098,1.68,109.7643345688685,000540
1701909049.0774188,VRU_Adult_Using_Non-Motorized_Device/Prop_Other,22.22709147135417,0.97,-7.163325826327012,1.56,-3.219408373037974,1.68,-57.23995612705999,000541
1701909049.177419,VRU_Adult_Using_Non-Motorized_Device/Prop_Other,22.145231628417974,0.97,-7.173249912261968,1.56,-3.0433413982391366,1.68,-169.870058299547,000542
1701909049.2774189,VRU_Adult_Using_Non-Motorized_Device/Prop_Other,22.275809361384468,0.97,-7.02382425161509,1.56,-3.268082306935237,1.68,102.56206131993692,000543
1701909049.377419,VRU_Adult_Using_Non-Motorized_Device/Prop_Other,22.258623758951828,0.97,-7.169098483191602,1.56,-3.110122813118829,1.68,-41.33029307917999,000544
1701909049.477419,VRU_Adult_Using_Non-Motorized_Device/Prop_Other,22.200429916381847,0.97,-7.131838480631516,1.56,-3.0392243862152104,1.68,79.80057976505468,000545
1701909049.677419,VRU_Adult_Using_Non-Motorized_Device/Prop_Other,22.162077767508375,0.97,-6.81012610026769,1.56,-3.1918224607195174,1.68,106.88994854143827,000547
1701909049.7774189,VRU_Adult_Using_Non-Motorized_Device/Prop_Other,22.262615919113163,0.97,-7.021723985672003,1.56,-3.057575941085816,1.68,133.50907308712942,000548
1701909049.877419,VRU_Adult_Using_Non-Motorized_Device/Prop_Other,22.24073147773743,0.97,-6.93113142251969,1.56,-3.1003439426422124,1.68,115.85672476492013,000549
1701909049.977419,VRU_Adult_Using_Non-Motorized_Device/Prop_Other,22.271105159412734,0.97,-6.9054261554371275,1.56,-3.1412793072787206,1.68,110.79510576790013,000550
1701909050.0774188,VRU_Adult_Using_Non-Motorized_Device/Prop_Other,22.202923075358076,0.97,-6.769869295756027,1.56,-3.2474511146545413,1.68,117.29412655753127,000551
1701909050.177419,VRU_Adult_Using_Non-Motorized_Device/Prop_Other,22.20375721271222,0.97,-6.725604093991797,1.56,-3.2074391475090613,1.68,109.79791618700968,000552
1701909050.2774189,VRU_Adult_Using_Non-Motorized_Device/Prop_Other,22.210597610473638,0.97,-6.7004581451416065,1.56,-3.240475591023763,1.68,122.64526526158994,000553
1701909050.377419,VRU_Adult_Using_Non-Motorized_Device/Prop_Other,22.20752592647777,0.97,-6.668059321010818,1.56,-3.250883228638593,1.68,124.10764104907655,000554
1701909050.377419,VRU_Adult_Using_Non-Motorized_Device/Prop_Other,27.52476654052735,0.75,-21.622314453125007,0.69,-3.021167087554932,1.45,-114.45315496989241,000554
1701909050.477419,VRU_Adult_Using_Non-Motorized_Device/Prop_Other,22.142870797051327,0.97,-6.505291832817929,1.56,-3.2566505670547485,1.68,115.36803545633175,000555
1701909050.5774188,VRU_Adult_Using_Non-Motorized_Device/Prop_Other,22.1288875579834,0.97,-6.473310438791915,1.56,-3.296236340204875,1.68,118.71264803972076,000556
1701909050.677419,VRU_Adult_Using_Non-Motorized_Device/Prop_Other,22.030823843819757,0.97,-6.414777142660964,1.56,-3.2907616921833585,1.68,125.29693517880024,000557
1701909050.7774189,VRU_Adult_Using_Non-Motorized_Device/Prop_Other,21.9082971572876,0.97,-6.245550966262823,1.56,-3.2712123155593873,1.68,118.98790466825939,000558
1701909050.877419,VRU_Adult_Using_Non-Motorized_Device/Prop_Other,21.97108340263367,0.97,-6.32743719220162,1.56,-3.3071665912866592,1.68,123.19826025945686,000559
1701909050.977419,VRU_Adult_Using_Non-Motorized_Device/Prop_Other,22.014875636381266,0.97,-6.332145718967218,1.56,-3.291262191884658,1.68,116.78097452576549,000560
1701909051.0774188,VRU_Adult_Using_Non-Motorized_Device/Prop_Other,21.97438699548895,0.97,-6.277968601746997,1.56,-3.2574736313386405,1.68,120.52717992237682,000561
1701909051.0774188,VRU_Adult_Using_Non-Motorized_Device/Prop_Other,27.6958293914795,0.75,-21.85658378601075,0.69,-3.4968549728393556,1.45,91.20965011393588,000561
1701909051.177419,VRU_Adult_Using_Non-Motorized_Device/Prop_Other,21.904968964426143,0.97,-6.23874099631059,1.56,-3.2517950409337093,1.68,122.96284493507632,000562
1701909051.2774189,VRU_Adult_Using_Non-Motorized_Device/Prop_Other,21.927216393607004,0.97,-6.199527468000143,1.56,-3.201118741716658,1.68,113.37843659787316,000563
1701909051.377419,VRU_Adult_Using_Non-Motorized_Device/Prop_Other,21.88865307399205,0.97,-6.28753164836339,1.56,-3.1151611464364195,1.68,121.82355810086847,000564
1701909051.477419,VRU_Adult_Using_Non-Motorized_Device/Prop_Other,21.87463814871652,0.97,-6.2900816372462725,1.56,-3.0952186584472656,1.68,118.64961608920663,000565
1701909051.5774188,VRU_Adult_Using_Non-Motorized_Device/Prop_Other,21.83301896315355,0.97,-6.204379100065968,1.56,-3.151327600845924,1.68,111.77996602748661,000566
1701909051.677419,VRU_Adult_Using_Non-Motorized_Device/Prop_Other,21.81180087725322,0.97,-6.196274399757389,1.56,-3.1007425685723624,1.68,117.25806418277041,000567
1701909051.7774189,VRU_Adult_Using_Non-Motorized_Device/Prop_Other,21.77289928089489,0.97,-6.178183685649532,1.56,-3.1035321300679994,1.68,119.23949675340802,000568
1701909051.877419,VRU_Adult_Using_Non-Motorized_Device/Prop_Other,21.691483787868336,0.97,-6.066269998965061,1.56,-3.20563208538553,1.68,117.79721865712551,000569
1701909051.977419,VRU_Adult_Using_Non-Motorized_Device/Prop_Other,21.726039505004888,0.97,-6.187436453501389,1.56,-3.088583246866862,1.68,94.12375945948358,000570
1701909052.0774188,VRU_Adult_Using_Non-Motorized_Device/Prop_Other,21.654335168691787,0.97,-6.1136640035189185,1.56,-3.1100358229417067,1.68,116.91246927158124,000571
1701909052.177419,VRU_Adult_Using_Non-Motorized_Device/Prop_Other,21.643970342782833,0.97,-6.092701728527369,1.56,-3.2258576613206134,1.68,122.27219402879189,000572
1701909052.2774189,VRU_Adult_Using_Non-Motorized_Device/Prop_Other,21.6527395884196,0.97,-6.066646893819179,1.56,-3.1580104351043703,1.68,124.24465077694492,000573
1701909052.377419,VRU_Adult_Using_Non-Motorized_Device/Prop_Other,21.63823880089654,0.97,-6.036384079191424,1.56,-3.1703396108415394,1.68,119.23697185368843,000574
1701909052.477419,VRU_Adult_Using_Non-Motorized_Device/Prop_Other,21.595965067545578,0.97,-6.0066221157709805,1.56,-3.1444182197252917,1.68,122.88228630483843,000575
1701909052.5774188,VRU_Adult_Using_Non-Motorized_Device/Prop_Other,21.585793852806095,0.97,-5.983366280794148,1.56,-3.210380628705025,1.68,119.78685109371251,000576
1701909052.677419,VRU_Adult_Using_Non-Motorized_Device/Prop_Other,21.554502038394705,0.97,-5.938150181489837,1.56,-3.1856136462267712,1.68,120.30638035878859,000577
1701909052.7774189,VRU_Adult_Using_Non-Motorized_Device/Prop_Other,21.537238472386413,0.97,-5.928038019883009,1.56,-3.166102572491295,1.68,113.72555197845766,000578
1701909052.877419,VRU_Adult_Using_Non-Motorized_Device/Prop_Other,21.5006612889907,0.97,-5.89022198845359,1.56,-3.1251313826617073,1.68,110.46503128310655,000579
1701909052.977419,VRU_Adult_Using_Non-Motorized_Device/Prop_Other,21.469363336977754,0.97,-5.843816384025247,1.56,-3.1392646561498228,1.68,105.65684442466534,000580
